cloud_cover,Condition,Precipitation,relative_humidity,Visibility,wind_direction,wind_speed,wind_gust_speed,Sunshine,Temperature,Station,timestamp
88,dry,0.0,98,3461,280,9.7,10.4,0.0,0.4,Kiel-Holtenau,2023-03-03T00:00:00+00:00
0,dry,0.0,99,1651,280,8.3,9.4,0.0,0.4,Kiel-Holtenau,2023-03-03T00:30:00+00:00
0,fog,0.0,99,642,290,10.1,11.2,0.0,-0.4,Kiel-Holtenau,2023-03-03T01:00:00+00:00
0,fog,0.0,99,867,290,10.4,12.6,0.0,-0.8,Kiel-Holtenau,2023-03-03T01:30:00+00:00
0,dry,0.0,98,1098,280,11.9,12.6,0.0,-1.4,Kiel-Holtenau,2023-03-03T02:00:00+00:00
0,dry,0.0,99,1259,280,7.9,10.4,0.0,-0.8,Kiel-Holtenau,2023-03-03T03:00:00+00:00
0,dry,0.0,98,3110,280,9.4,10.4,0.0,-1.4,Kiel-Holtenau,2023-03-03T03:30:00+00:00
0,dry,0.0,98,2847,280,7.6,10.1,0.0,-1.4,Kiel-Holtenau,2023-03-03T04:00:00+00:00
0,dry,0.0,96,3506,290,9.0,10.4,0.0,-2.6,Kiel-Holtenau,2023-03-03T04:30:00+00:00
0,dry,0.0,97,5420,280,10.4,12.2,0.0,-1.8,Kiel-Holtenau,2023-03-03T05:00:00+00:00
100,fog,0.0,100,141,300,9.7,13.0,0.0,0.2,Kiel-Holtenau,2023-03-03T06:00:00+00:00
100,fog,0.0,100,165,300,6.8,10.4,0.0,0.3,Kiel-Holtenau,2023-03-03T06:30:00+00:00
100,fog,0.0,100,122,270,9.0,11.9,0.0,0.3,Kiel-Holtenau,2023-03-03T07:00:00+00:00
100,fog,0.0,100,246,270,6.1,8.3,0.0,0.3,Kiel-Holtenau,2023-03-03T07:30:00+00:00
100,fog,0.0,100,673,250,7.6,10.8,0.0,0.4,Kiel-Holtenau,2023-03-03T08:00:00+00:00
100,dry,0.0,100,1672,260,10.4,14.0,0.0,0.6,Kiel-Holtenau,2023-03-03T08:30:00+00:00
100,dry,0.0,100,13520,250,7.6,11.5,0.0,1.5,Kiel-Holtenau,2023-03-03T09:00:00+00:00
100,dry,0.0,89,40359,260,8.6,14.0,0.0,3.3,Kiel-Holtenau,2023-03-03T10:00:00+00:00
100,dry,0.0,87,58221,260,14.0,19.4,0.0,4.1,Kiel-Holtenau,2023-03-03T10:30:00+00:00
100,dry,0.0,84,54092,260,20.5,29.5,0.0,4.6,Kiel-Holtenau,2023-03-03T11:00:00+00:00
100,dry,0.0,82,54639,270,20.9,31.0,0.0,4.9,Kiel-Holtenau,2023-03-03T11:30:00+00:00
100,dry,0.0,80,37143,270,19.8,30.6,3.0,5.3,Kiel-Holtenau,2023-03-03T12:00:00+00:00
100,dry,0.0,76,45777,270,19.8,31.3,5.0,6.0,Kiel-Holtenau,2023-03-03T12:30:00+00:00
88,dry,0.0,73,44433,270,27.4,35.3,30.0,6.7,Kiel-Holtenau,2023-03-03T13:30:00+00:00
88,dry,0.0,75,38196,280,25.2,34.9,30.0,6.7,Kiel-Holtenau,2023-03-03T14:00:00+00:00
88,dry,0.0,75,38196,280,25.2,34.9,30.0,6.7,Kiel-Holtenau,2023-03-03T14:00:00+00:00
75,dry,0.0,73,36651,270,28.4,40.0,30.0,6.6,Kiel-Holtenau,2023-03-03T14:30:00+00:00
88,dry,0.0,74,31372,260,26.3,37.4,30.0,6.2,Kiel-Holtenau,2023-03-03T15:00:00+00:00
88,dry,0.0,76,27586,270,28.8,40.7,30.0,5.9,Kiel-Holtenau,2023-03-03T15:30:00+00:00
100,dry,0.0,75,30048,260,25.6,37.8,30.0,5.7,Kiel-Holtenau,2023-03-03T16:00:00+00:00
100,dry,0.0,78,26981,270,25.6,32.4,30.0,5.4,Kiel-Holtenau,2023-03-03T16:30:00+00:00
100,dry,0.0,79,26574,270,24.1,34.6,19.0,5.0,Kiel-Holtenau,2023-03-03T17:00:00+00:00
100,dry,0.0,82,22227,270,22.7,37.8,0.0,4.8,Kiel-Holtenau,2023-03-03T17:30:00+00:00
100,dry,0.0,84,22758,260,22.0,29.9,0.0,4.5,Kiel-Holtenau,2023-03-03T18:00:00+00:00
100,dry,0.0,87,23225,260,24.1,37.8,0.0,4.4,Kiel-Holtenau,2023-03-03T18:30:00+00:00
100,dry,0.0,90,21632,260,19.8,28.4,0.0,4.1,Kiel-Holtenau,2023-03-03T19:00:00+00:00
88,dry,0.0,92,18666,270,21.2,29.5,0.0,4.0,Kiel-Holtenau,2023-03-03T19:30:00+00:00
100,dry,0.0,92,16396,270,20.5,28.4,0.0,3.6,Kiel-Holtenau,2023-03-03T20:00:00+00:00
63,dry,0.0,93,15950,270,19.4,27.0,0.0,3.3,Kiel-Holtenau,2023-03-03T20:30:00+00:00
63,dry,0.0,92,18238,270,18.4,23.8,0.0,3.1,Kiel-Holtenau,2023-03-03T21:00:00+00:00
100,dry,0.0,91,20363,270,19.8,27.4,0.0,3.6,Kiel-Holtenau,2023-03-03T21:30:00+00:00
100,dry,0.0,87,26167,290,19.4,30.6,0.0,4.7,Kiel-Holtenau,2023-03-03T22:00:00+00:00
100,dry,0.0,84,32687,300,22.3,34.6,0.0,5.3,Kiel-Holtenau,2023-03-03T22:30:00+00:00
100,dry,0.0,81,38437,300,24.8,36.0,0.0,5.6,Kiel-Holtenau,2023-03-03T23:00:00+00:00
88,dry,0.0,78,47335,300,25.6,34.9,0.0,6.0,Kiel-Holtenau,2023-03-03T23:30:00+00:00
88,dry,0.0,78,46950,300,27.4,41.0,0.0,6.1,Kiel-Holtenau,2023-03-04T00:00:00+00:00
88,dry,0.0,79,50173,300,20.5,35.3,0.0,5.8,Kiel-Holtenau,2023-03-04T00:30:00+00:00
100,dry,0.0,79,45942,310,26.3,41.4,0.0,6.1,Kiel-Holtenau,2023-03-04T01:00:00+00:00
100,dry,0.0,81,36214,310,27.7,40.3,0.0,6.0,Kiel-Holtenau,2023-03-04T01:30:00+00:00
100,rain,0.0,81,32981,310,25.2,36.7,0.0,6.1,Kiel-Holtenau,2023-03-04T02:00:00+00:00
88,dry,0.0,81,40578,310,23.0,36.4,0.0,6.0,Kiel-Holtenau,2023-03-04T02:30:00+00:00
100,rain,0.0,80,37687,320,19.1,28.8,0.0,6.0,Kiel-Holtenau,2023-03-04T03:00:00+00:00
100,dry,0.0,75,39789,320,18.4,27.0,0.0,5.9,Kiel-Holtenau,2023-03-04T03:30:00+00:00
88,dry,0.0,76,37002,320,15.8,26.3,0.0,5.6,Kiel-Holtenau,2023-03-04T04:00:00+00:00
88,dry,0.0,72,26880,320,22.0,31.7,0.0,5.6,Kiel-Holtenau,2023-03-04T04:30:00+00:00
100,dry,0.0,70,26901,320,23.0,37.4,0.0,5.3,Kiel-Holtenau,2023-03-04T05:00:00+00:00
100,dry,0.0,72,29273,330,26.6,40.7,0.0,5.0,Kiel-Holtenau,2023-03-04T05:30:00+00:00
100,dry,0.0,71,34570,330,22.7,35.6,0.0,4.9,Kiel-Holtenau,2023-03-04T06:00:00+00:00
100,dry,0.0,70,28909,330,25.6,44.6,0.0,4.8,Kiel-Holtenau,2023-03-04T06:30:00+00:00
100,dry,0.0,71,24335,320,23.4,40.3,2.0,4.6,Kiel-Holtenau,2023-03-04T07:00:00+00:00
88,dry,0.0,69,24091,330,16.6,28.4,6.0,4.7,Kiel-Holtenau,2023-03-04T07:30:00+00:00
38,dry,0.0,68,25972,330,26.6,38.5,1.0,4.4,Kiel-Holtenau,2023-03-04T08:00:00+00:00
75,dry,0.0,67,26560,330,22.7,34.9,0.0,4.7,Kiel-Holtenau,2023-03-04T08:30:00+00:00
88,dry,0.0,65,28512,330,25.2,41.8,7.0,4.8,Kiel-Holtenau,2023-03-04T09:00:00+00:00
100,dry,0.0,66,31122,320,23.0,33.1,30.0,4.9,Kiel-Holtenau,2023-03-04T09:30:00+00:00
100,dry,0.0,66,33032,320,20.2,30.2,4.0,5.4,Kiel-Holtenau,2023-03-04T10:00:00+00:00
100,dry,0.0,66,29000,320,19.4,27.4,0.0,5.1,Kiel-Holtenau,2023-03-04T10:30:00+00:00
100,dry,0.0,69,31532,340,19.4,27.0,1.0,5.0,Kiel-Holtenau,2023-03-04T11:00:00+00:00
100,dry,0.0,69,35794,340,20.9,31.7,11.0,5.3,Kiel-Holtenau,2023-03-04T11:30:00+00:00
100,dry,0.0,68,32702,330,15.8,26.3,11.0,5.9,Kiel-Holtenau,2023-03-04T12:00:00+00:00
88,dry,0.0,67,38403,350,18.0,26.3,30.0,5.0,Kiel-Holtenau,2023-03-04T12:30:00+00:00
38,dry,0.0,64,39390,340,14.8,24.1,30.0,6.2,Kiel-Holtenau,2023-03-04T13:00:00+00:00
75,dry,0.0,63,38939,10,16.2,26.3,30.0,6.0,Kiel-Holtenau,2023-03-04T13:30:00+00:00
75,dry,0.0,60,49474,30,12.6,22.3,30.0,6.1,Kiel-Holtenau,2023-03-04T14:00:00+00:00
88,dry,0.0,62,58534,30,13.7,19.1,8.0,5.5,Kiel-Holtenau,2023-03-04T14:30:00+00:00
100,dry,0.0,63,53877,40,13.3,17.6,5.0,5.1,Kiel-Holtenau,2023-03-04T15:00:00+00:00
88,dry,0.0,60,75000,50,11.9,15.1,1.0,4.6,Kiel-Holtenau,2023-03-04T15:30:00+00:00
100,dry,0.0,60,74042,80,10.1,12.6,0.0,4.2,Kiel-Holtenau,2023-03-04T16:00:00+00:00
100,dry,0.0,59,75000,90,7.2,9.4,0.0,4.0,Kiel-Holtenau,2023-03-04T16:30:00+00:00
100,dry,0.0,57,75000,110,4.7,6.8,0.0,4.2,Kiel-Holtenau,2023-03-04T17:00:00+00:00
88,dry,0.0,65,52338,280,7.2,9.0,0.0,3.7,Kiel-Holtenau,2023-03-04T17:30:00+00:00
100,dry,0.0,63,70517,290,13.0,23.0,0.0,4.0,Kiel-Holtenau,2023-03-04T18:00:00+00:00
100,dry,0.0,64,61632,310,21.2,29.5,0.0,3.8,Kiel-Holtenau,2023-03-04T18:30:00+00:00
100,dry,0.0,61,61550,320,22.7,31.7,0.0,3.3,Kiel-Holtenau,2023-03-04T19:00:00+00:00
88,dry,0.0,63,50412,310,19.4,29.2,0.0,2.6,Kiel-Holtenau,2023-03-04T19:30:00+00:00
50,dry,0.0,68,53737,300,15.5,23.8,0.0,1.8,Kiel-Holtenau,2023-03-04T20:00:00+00:00
75,dry,0.0,66,55112,300,15.5,23.4,0.0,1.6,Kiel-Holtenau,2023-03-04T20:30:00+00:00
63,dry,0.0,66,45338,300,15.5,22.0,0.0,1.8,Kiel-Holtenau,2023-03-04T21:00:00+00:00
88,dry,0.0,66,51341,280,14.8,20.9,0.0,1.9,Kiel-Holtenau,2023-03-04T21:30:00+00:00
88,dry,0.0,68,50952,280,16.9,23.8,0.0,2.1,Kiel-Holtenau,2023-03-04T22:00:00+00:00
100,dry,0.0,70,46816,280,16.9,26.3,0.0,2.6,Kiel-Holtenau,2023-03-04T22:30:00+00:00
100,dry,0.0,72,50428,290,18.0,25.9,0.0,2.6,Kiel-Holtenau,2023-03-04T23:00:00+00:00
88,dry,0.0,72,47909,290,17.3,23.0,0.0,2.4,Kiel-Holtenau,2023-03-04T23:30:00+00:00
75,dry,0.0,73,49539,300,15.1,22.3,0.0,1.6,Kiel-Holtenau,2023-03-05T00:00:00+00:00
88,dry,0.0,65,57158,300,18.0,25.9,0.0,2.4,Kiel-Holtenau,2023-03-05T00:30:00+00:00
88,dry,0.0,66,49242,300,18.7,26.3,0.0,2.2,Kiel-Holtenau,2023-03-05T01:00:00+00:00
88,dry,0.0,67,49333,300,18.0,25.2,0.0,1.9,Kiel-Holtenau,2023-03-05T01:30:00+00:00
88,dry,0.0,69,55331,300,18.0,24.5,0.0,1.2,Kiel-Holtenau,2023-03-05T02:00:00+00:00
75,dry,0.0,68,57668,300,14.0,24.8,0.0,1.2,Kiel-Holtenau,2023-03-05T02:30:00+00:00
100,dry,0.0,71,50508,300,13.0,17.6,0.0,0.8,Kiel-Holtenau,2023-03-05T03:00:00+00:00
75,dry,0.0,73,51674,290,13.3,17.3,0.0,0.7,Kiel-Holtenau,2023-03-05T03:30:00+00:00
100,dry,0.0,73,66482,290,12.6,16.6,0.0,0.9,Kiel-Holtenau,2023-03-05T04:00:00+00:00
100,dry,0.0,73,59673,290,14.4,19.1,0.0,1.1,Kiel-Holtenau,2023-03-05T04:30:00+00:00
100,dry,0.0,82,51603,280,14.4,18.4,0.0,0.7,Kiel-Holtenau,2023-03-05T05:00:00+00:00
75,dry,0.0,85,47832,280,13.0,19.1,0.0,0.1,Kiel-Holtenau,2023-03-05T05:30:00+00:00
88,dry,0.0,83,52307,290,13.3,18.0,0.0,0.0,Kiel-Holtenau,2023-03-05T06:00:00+00:00
0,dry,0.0,83,59663,280,12.2,15.5,0.0,0.0,Kiel-Holtenau,2023-03-05T06:30:00+00:00
63,dry,0.0,81,58484,290,13.7,19.1,19.0,0.4,Kiel-Holtenau,2023-03-05T07:00:00+00:00
50,dry,0.0,77,72739,290,15.1,19.4,30.0,1.5,Kiel-Holtenau,2023-03-05T07:30:00+00:00
100,dry,0.0,70,65863,300,16.9,21.6,30.0,2.0,Kiel-Holtenau,2023-03-05T08:00:00+00:00
50,dry,0.0,67,51240,300,15.5,22.3,30.0,2.6,Kiel-Holtenau,2023-03-05T08:30:00+00:00
0,dry,0.0,62,55759,300,18.0,26.3,30.0,3.4,Kiel-Holtenau,2023-03-05T09:00:00+00:00
38,dry,0.0,59,64789,320,20.9,30.2,30.0,3.5,Kiel-Holtenau,2023-03-05T09:30:00+00:00
75,dry,0.0,59,59018,310,17.6,28.8,30.0,4.3,Kiel-Holtenau,2023-03-05T10:00:00+00:00
88,dry,0.0,59,75000,320,19.1,29.2,29.0,4.4,Kiel-Holtenau,2023-03-05T10:30:00+00:00
88,dry,0.0,57,56383,330,16.6,23.0,29.0,3.8,Kiel-Holtenau,2023-03-05T11:00:00+00:00
88,dry,0.0,56,61005,330,19.4,29.9,16.0,4.4,Kiel-Holtenau,2023-03-05T11:30:00+00:00
100,dry,0.0,54,70631,320,17.6,24.8,10.0,3.8,Kiel-Holtenau,2023-03-05T12:00:00+00:00
100,dry,0.0,62,56259,300,13.7,22.0,4.0,3.8,Kiel-Holtenau,2023-03-05T12:30:00+00:00
88,snow,0.1,88,7085,300,21.2,30.2,0.0,0.8,Kiel-Holtenau,2023-03-05T13:00:00+00:00
88,dry,0.0,74,67187,320,13.7,21.6,4.0,3.2,Kiel-Holtenau,2023-03-05T13:30:00+00:00
100,dry,0.0,63,65921,310,16.6,25.9,5.0,3.8,Kiel-Holtenau,2023-03-05T14:00:00+00:00
100,dry,0.0,59,69908,300,20.5,29.9,6.0,3.6,Kiel-Holtenau,2023-03-05T14:30:00+00:00
100,dry,0.0,60,67741,290,19.4,26.3,11.0,3.8,Kiel-Holtenau,2023-03-05T15:00:00+00:00
100,dry,0.0,60,75000,290,23.8,36.7,3.0,3.5,Kiel-Holtenau,2023-03-05T15:30:00+00:00
100,dry,0.0,64,69369,290,17.3,26.6,0.0,3.3,Kiel-Holtenau,2023-03-05T16:00:00+00:00
100,dry,0.0,67,75000,290,19.8,26.3,0.0,3.0,Kiel-Holtenau,2023-03-05T16:30:00+00:00
100,dry,0.0,66,68999,290,15.5,22.7,0.0,2.8,Kiel-Holtenau,2023-03-05T17:00:00+00:00
100,dry,0.0,69,60709,280,12.6,18.0,0.0,2.5,Kiel-Holtenau,2023-03-05T17:30:00+00:00
100,dry,0.0,68,75000,280,12.6,16.6,0.0,2.5,Kiel-Holtenau,2023-03-05T18:00:00+00:00
88,dry,0.0,68,75000,270,12.2,16.6,0.0,2.4,Kiel-Holtenau,2023-03-05T18:30:00+00:00
88,dry,0.0,68,59478,270,10.8,15.5,0.0,2.3,Kiel-Holtenau,2023-03-05T19:00:00+00:00
100,dry,0.0,72,62566,270,7.9,11.2,0.0,1.8,Kiel-Holtenau,2023-03-05T20:00:00+00:00
100,dry,0.0,72,62566,270,7.9,11.2,0.0,1.8,Kiel-Holtenau,2023-03-05T20:00:00+00:00
100,dry,0.0,73,72085,270,10.4,14.8,0.0,1.8,Kiel-Holtenau,2023-03-05T20:30:00+00:00
100,dry,0.0,76,56975,270,9.4,14.4,0.0,1.6,Kiel-Holtenau,2023-03-05T21:00:00+00:00
100,dry,0.0,79,53167,280,12.2,19.4,0.0,1.3,Kiel-Holtenau,2023-03-05T21:30:00+00:00
100,dry,0.0,86,56923,280,11.2,14.8,0.0,0.7,Kiel-Holtenau,2023-03-05T22:10:00+00:00
100,dry,0.0,88,55496,280,9.7,11.9,0.0,0.4,Kiel-Holtenau,2023-03-05T22:30:00+00:00
100,dry,0.0,90,45258,270,10.1,14.0,0.0,0.2,Kiel-Holtenau,2023-03-05T23:00:00+00:00
88,dry,0.0,91,45556,270,10.1,14.4,0.0,0.1,Kiel-Holtenau,2023-03-05T23:30:00+00:00
63,dry,0.0,92,48899,260,11.9,16.2,0.0,0.3,Kiel-Holtenau,2023-03-06T00:00:00+00:00
100,dry,0.0,94,42297,260,9.0,14.4,0.0,-0.6,Kiel-Holtenau,2023-03-06T01:00:00+00:00
100,dry,0.0,94,42297,260,9.0,14.4,0.0,-0.6,Kiel-Holtenau,2023-03-06T01:00:00+00:00
88,dry,0.0,89,53393,260,9.4,12.6,0.0,-1.1,Kiel-Holtenau,2023-03-06T01:30:00+00:00
100,dry,0.0,89,57608,240,10.1,14.8,0.0,-1.0,Kiel-Holtenau,2023-03-06T02:10:00+00:00
100,dry,0.0,93,55215,250,11.9,16.9,0.0,-0.9,Kiel-Holtenau,2023-03-06T03:00:00+00:00
100,dry,0.0,94,55215,250,11.5,16.6,0.0,-1.0,Kiel-Holtenau,2023-03-06T03:10:00+00:00
100,dry,0.0,94,38763,250,13.0,18.4,0.0,-1.1,Kiel-Holtenau,2023-03-06T03:30:00+00:00
75,dry,0.0,95,20710,260,10.1,15.1,0.0,-1.2,Kiel-Holtenau,2023-03-06T04:10:00+00:00
50,dry,0.0,93,23145,240,10.8,18.4,0.0,-1.2,Kiel-Holtenau,2023-03-06T05:00:00+00:00
88,dry,0.0,91,23145,260,10.4,14.8,0.0,-0.9,Kiel-Holtenau,2023-03-06T05:10:00+00:00
75,dry,0.0,89,32205,260,10.1,15.1,0.0,-1.2,Kiel-Holtenau,2023-03-06T06:00:00+00:00
25,dry,0.0,89,32205,260,10.8,14.4,0.0,-1.3,Kiel-Holtenau,2023-03-06T06:10:00+00:00
100,dry,0.0,87,40072,260,12.2,18.0,30.0,-0.5,Kiel-Holtenau,2023-03-06T07:00:00+00:00
100,dry,0.0,87,40072,260,13.0,18.0,30.0,-0.5,Kiel-Holtenau,2023-03-06T07:10:00+00:00
100,dry,0.0,86,62116,260,13.0,18.4,29.0,-0.4,Kiel-Holtenau,2023-03-06T07:30:00+00:00
100,dry,0.0,82,56372,270,11.9,17.3,19.0,0.7,Kiel-Holtenau,2023-03-06T08:10:00+00:00
100,dry,0.0,81,54893,280,15.1,20.2,27.0,0.9,Kiel-Holtenau,2023-03-06T08:30:00+00:00
100,dry,0.0,77,73066,270,16.2,21.2,30.0,2.1,Kiel-Holtenau,2023-03-06T09:00:00+00:00
100,dry,0.0,74,46462,260,17.3,23.8,30.0,2.9,Kiel-Holtenau,2023-03-06T09:30:00+00:00
100,dry,0.0,72,57650,270,17.6,25.9,30.0,3.4,Kiel-Holtenau,2023-03-06T10:00:00+00:00
88,dry,0.0,64,55691,280,20.9,30.2,30.0,4.6,Kiel-Holtenau,2023-03-06T11:00:00+00:00
88,dry,0.0,64,55691,280,20.9,30.2,30.0,4.6,Kiel-Holtenau,2023-03-06T11:00:00+00:00
88,dry,0.0,58,74310,290,15.8,27.0,28.0,4.5,Kiel-Holtenau,2023-03-06T12:00:00+00:00
88,dry,0.0,57,74310,270,18.4,25.9,28.0,4.9,Kiel-Holtenau,2023-03-06T12:10:00+00:00
88,dry,0.0,56,68151,270,16.9,23.4,25.0,4.6,Kiel-Holtenau,2023-03-06T12:30:00+00:00
88,dry,0.0,58,65336,270,15.5,25.2,30.0,5.2,Kiel-Holtenau,2023-03-06T13:10:00+00:00
88,dry,0.0,55,75000,290,15.8,22.7,10.0,4.9,Kiel-Holtenau,2023-03-06T14:00:00+00:00
88,dry,0.0,55,75000,290,15.8,22.7,30.0,4.9,Kiel-Holtenau,2023-03-06T14:00:00+00:00
100,dry,0.0,61,70517,280,19.4,27.7,25.0,4.9,Kiel-Holtenau,2023-03-06T15:00:00+00:00
100,dry,0.0,62,70517,270,16.6,22.7,25.0,4.5,Kiel-Holtenau,2023-03-06T15:10:00+00:00
100,dry,0.0,56,72580,260,14.4,21.2,0.0,4.7,Kiel-Holtenau,2023-03-06T16:00:00+00:00
100,dry,0.0,60,72580,270,14.0,20.2,0.0,4.3,Kiel-Holtenau,2023-03-06T16:10:00+00:00
100,dry,0.0,64,69034,250,13.0,18.7,0.0,3.9,Kiel-Holtenau,2023-03-06T17:00:00+00:00
100,dry,0.0,65,69368,240,14.8,22.3,0.0,3.6,Kiel-Holtenau,2023-03-06T17:30:00+00:00
88,dry,0.0,66,71521,230,11.9,17.3,0.0,3.0,Kiel-Holtenau,2023-03-06T18:00:00+00:00
100,dry,0.0,66,71521,230,10.8,17.6,0.0,2.9,Kiel-Holtenau,2023-03-06T18:30:00+00:00
100,dry,0.0,67,73423,210,10.8,16.2,0.0,2.7,Kiel-Holtenau,2023-03-06T19:00:00+00:00
100,dry,0.0,66,69381,210,9.4,15.8,0.0,2.7,Kiel-Holtenau,2023-03-06T19:30:00+00:00
100,dry,0.0,69,69970,190,11.9,21.6,0.0,2.7,Kiel-Holtenau,2023-03-06T20:00:00+00:00
88,dry,0.0,72,64810,190,13.0,20.2,0.0,2.3,Kiel-Holtenau,2023-03-06T20:30:00+00:00
88,dry,0.0,71,70322,190,15.1,22.3,0.0,2.4,Kiel-Holtenau,2023-03-06T21:00:00+00:00
88,dry,0.0,69,57782,190,16.2,25.6,0.0,2.6,Kiel-Holtenau,2023-03-06T21:30:00+00:00
100,dry,0.0,69,61408,190,16.9,28.4,0.0,2.6,Kiel-Holtenau,2023-03-06T22:00:00+00:00
100,dry,0.0,66,65975,190,18.7,31.7,0.0,2.7,Kiel-Holtenau,2023-03-06T22:30:00+00:00
88,dry,0.0,66,54029,190,19.8,32.8,0.0,2.7,Kiel-Holtenau,2023-03-06T23:00:00+00:00
100,snow,0.0,77,16176,200,23.0,36.7,0.0,2.0,Kiel-Holtenau,2023-03-06T23:30:00+00:00
63,snow,0.0,89,5737,190,21.2,36.4,0.0,1.2,Kiel-Holtenau,2023-03-07T00:00:00+00:00
63,snow,0.0,92,7795,200,22.7,38.2,0.0,1.4,Kiel-Holtenau,2023-03-07T00:30:00+00:00
50,snow,0.0,92,7902,200,23.4,38.5,0.0,1.5,Kiel-Holtenau,2023-03-07T01:00:00+00:00
50,snow,0.1,93,6239,210,21.2,38.9,0.0,1.4,Kiel-Holtenau,2023-03-07T01:30:00+00:00
88,dry,0.0,93,13864,210,25.2,41.0,0.0,1.5,Kiel-Holtenau,2023-03-07T02:00:00+00:00
88,rain,0.0,94,10037,210,23.4,35.3,0.0,1.5,Kiel-Holtenau,2023-03-07T02:30:00+00:00
100,dry,0.0,94,8132,210,21.2,34.9,0.0,1.7,Kiel-Holtenau,2023-03-07T03:00:00+00:00
100,dry,0.0,94,8272,220,18.7,28.4,0.0,2.2,Kiel-Holtenau,2023-03-07T03:30:00+00:00
63,dry,0.0,90,18592,230,21.6,36.0,0.0,2.7,Kiel-Holtenau,2023-03-07T04:00:00+00:00
88,rain,0.0,88,18414,220,22.7,36.4,0.0,2.7,Kiel-Holtenau,2023-03-07T04:30:00+00:00
88,dry,0.0,85,27363,220,26.3,44.6,0.0,3.0,Kiel-Holtenau,2023-03-07T05:00:00+00:00
88,rain,0.0,84,23179,230,32.8,55.8,0.0,3.1,Kiel-Holtenau,2023-03-07T05:30:00+00:00
50,dry,0.0,71,41470,270,43.9,61.6,17.0,4.1,Kiel-Holtenau,2023-03-07T09:00:00+00:00
88,dry,0.0,70,62142,280,49.7,72.0,29.0,3.2,Kiel-Holtenau,2023-03-07T09:30:00+00:00
75,dry,0.0,73,54101,270,43.9,64.8,24.0,3.4,Kiel-Holtenau,2023-03-07T10:00:00+00:00
75,dry,0.0,69,66482,280,41.0,59.8,27.0,4.2,Kiel-Holtenau,2023-03-07T10:30:00+00:00
63,dry,0.0,65,58818,280,44.6,62.3,14.0,3.6,Kiel-Holtenau,2023-03-07T11:00:00+00:00
63,dry,0.0,68,52662,280,43.6,62.6,13.0,3.4,Kiel-Holtenau,2023-03-07T11:30:00+00:00
88,rain,0.0,73,42401,280,35.3,49.7,24.0,2.3,Kiel-Holtenau,2023-03-07T12:00:00+00:00
75,dry,0.0,69,75000,290,34.9,56.2,28.0,3.5,Kiel-Holtenau,2023-03-07T12:30:00+00:00
50,dry,0.0,75,62674,280,36.4,51.8,26.0,2.8,Kiel-Holtenau,2023-03-07T13:00:00+00:00
50,dry,0.0,62,65338,280,37.1,51.8,19.0,3.5,Kiel-Holtenau,2023-03-07T13:30:00+00:00
75,dry,0.0,66,61171,280,31.3,53.3,30.0,3.1,Kiel-Holtenau,2023-03-07T14:00:00+00:00
38,dry,0.0,63,75000,300,34.6,58.0,23.0,3.0,Kiel-Holtenau,2023-03-07T14:30:00+00:00
25,dry,0.0,62,72718,290,35.3,51.8,28.0,2.9,Kiel-Holtenau,2023-03-07T15:00:00+00:00
0,dry,0.0,56,75000,290,31.3,46.8,29.0,3.2,Kiel-Holtenau,2023-03-07T15:30:00+00:00
38,dry,0.0,48,64736,300,34.2,50.0,30.0,3.1,Kiel-Holtenau,2023-03-07T16:00:00+00:00
13,dry,0.0,52,75000,300,31.3,49.3,30.0,2.3,Kiel-Holtenau,2023-03-07T16:30:00+00:00
0,dry,0.0,55,75000,290,26.3,40.0,25.0,1.8,Kiel-Holtenau,2023-03-07T17:00:00+00:00
0,dry,0.0,56,75000,300,24.8,39.6,0.0,1.7,Kiel-Holtenau,2023-03-07T17:30:00+00:00
0,dry,0.0,62,65122,290,22.0,32.0,0.0,1.0,Kiel-Holtenau,2023-03-07T18:00:00+00:00
0,dry,0.0,67,70380,280,14.8,18.7,0.0,0.0,Kiel-Holtenau,2023-03-07T18:30:00+00:00
0,dry,0.0,68,67836,270,13.0,17.3,0.0,-0.1,Kiel-Holtenau,2023-03-07T19:00:00+00:00
0,dry,0.0,73,57515,270,11.2,15.5,0.0,-0.9,Kiel-Holtenau,2023-03-07T19:30:00+00:00
0,dry,0.0,73,66151,270,10.8,14.8,0.0,-1.0,Kiel-Holtenau,2023-03-07T20:00:00+00:00
13,dry,0.0,74,55957,290,7.9,11.5,0.0,-1.0,Kiel-Holtenau,2023-03-07T20:30:00+00:00
0,dry,0.0,76,48925,270,7.6,10.4,0.0,-1.2,Kiel-Holtenau,2023-03-07T21:00:00+00:00
0,dry,0.0,79,59501,270,8.3,13.3,0.0,-1.8,Kiel-Holtenau,2023-03-07T21:30:00+00:00
0,dry,0.0,79,62334,280,9.0,11.2,0.0,-1.4,Kiel-Holtenau,2023-03-07T22:00:00+00:00
0,dry,0.0,79,64959,260,8.3,13.7,0.0,-1.8,Kiel-Holtenau,2023-03-07T22:30:00+00:00
0,dry,0.0,81,57525,250,9.7,13.7,0.0,-1.2,Kiel-Holtenau,2023-03-07T23:00:00+00:00
0,dry,0.0,82,50168,250,9.0,13.3,0.0,-1.3,Kiel-Holtenau,2023-03-07T23:30:00+00:00
63,dry,0.0,81,66875,250,12.2,16.9,0.0,-1.1,Kiel-Holtenau,2023-03-08T00:00:00+00:00
25,dry,0.0,80,70170,260,9.7,16.2,0.0,-1.3,Kiel-Holtenau,2023-03-08T00:30:00+00:00
50,dry,0.0,80,75000,250,12.6,19.4,0.0,-1.0,Kiel-Holtenau,2023-03-08T01:00:00+00:00
88,dry,0.0,80,62530,240,10.8,15.1,0.0,-0.7,Kiel-Holtenau,2023-03-08T01:30:00+00:00
88,dry,0.0,81,75000,240,10.4,15.1,0.0,-0.7,Kiel-Holtenau,2023-03-08T02:00:00+00:00
88,dry,0.0,85,64020,230,11.9,16.2,0.0,-0.9,Kiel-Holtenau,2023-03-08T02:30:00+00:00
13,dry,0.0,89,64247,250,7.6,10.4,0.0,-1.3,Kiel-Holtenau,2023-03-08T03:00:00+00:00
50,dry,0.0,90,67678,230,9.0,13.3,0.0,-1.2,Kiel-Holtenau,2023-03-08T03:30:00+00:00
88,dry,0.0,93,26725,220,9.4,14.8,18.0,0.1,Kiel-Holtenau,2023-03-08T08:00:00+00:00
88,dry,0.0,92,26725,220,10.1,15.5,18.0,-0.1,Kiel-Holtenau,2023-03-08T08:10:00+00:00
88,dry,0.0,92,29961,210,11.5,16.2,4.0,-0.2,Kiel-Holtenau,2023-03-08T08:30:00+00:00
88,dry,0.0,90,38284,260,14.8,20.9,0.0,0.0,Kiel-Holtenau,2023-03-08T09:10:00+00:00
88,dry,0.0,89,45055,270,10.8,15.1,4.0,0.5,Kiel-Holtenau,2023-03-08T10:00:00+00:00
88,dry,0.0,89,45055,270,10.8,15.1,4.0,0.5,Kiel-Holtenau,2023-03-08T10:00:00+00:00
88,dry,0.0,88,41949,220,10.1,14.8,8.0,1.2,Kiel-Holtenau,2023-03-08T10:30:00+00:00
75,dry,0.0,82,40469,250,7.9,16.2,19.0,0.7,Kiel-Holtenau,2023-03-08T11:00:00+00:00
75,dry,0.0,81,52503,250,8.6,11.5,29.0,1.2,Kiel-Holtenau,2023-03-08T11:30:00+00:00
88,dry,0.0,80,72581,290,6.8,11.2,23.0,1.5,Kiel-Holtenau,2023-03-08T12:00:00+00:00
100,dry,0.0,78,47155,190,6.8,12.6,8.0,1.8,Kiel-Holtenau,2023-03-08T13:00:00+00:00
100,dry,0.0,78,70086,190,6.8,12.6,30.0,1.8,Kiel-Holtenau,2023-03-08T13:00:00+00:00
75,dry,0.0,71,51597,160,10.8,14.8,30.0,2.2,Kiel-Holtenau,2023-03-08T14:00:00+00:00
75,dry,0.0,71,51597,160,10.8,14.8,30.0,2.2,Kiel-Holtenau,2023-03-08T14:00:00+00:00
88,dry,0.0,73,52063,170,8.3,12.2,30.0,1.9,Kiel-Holtenau,2023-03-08T15:00:00+00:00
75,dry,0.0,69,52063,180,6.8,11.5,30.0,2.0,Kiel-Holtenau,2023-03-08T15:10:00+00:00
100,dry,0.0,71,70425,130,7.6,14.8,30.0,2.1,Kiel-Holtenau,2023-03-08T16:00:00+00:00
88,dry,0.0,75,72821,150,8.3,12.6,29.0,1.5,Kiel-Holtenau,2023-03-08T16:30:00+00:00
100,dry,0.0,75,66248,130,8.6,11.9,17.0,1.1,Kiel-Holtenau,2023-03-08T17:00:00+00:00
88,dry,0.0,79,72552,130,5.4,7.9,0.0,0.4,Kiel-Holtenau,2023-03-08T17:30:00+00:00
100,dry,0.0,80,72702,130,5.8,7.2,0.0,0.4,Kiel-Holtenau,2023-03-08T18:00:00+00:00
100,dry,0.0,81,71806,130,4.7,6.5,0.0,0.3,Kiel-Holtenau,2023-03-08T18:30:00+00:00
100,dry,0.0,80,51430,110,5.0,7.6,0.0,0.2,Kiel-Holtenau,2023-03-08T19:00:00+00:00
100,dry,0.0,84,44952,90,8.6,13.0,0.0,-0.9,Kiel-Holtenau,2023-03-08T19:30:00+00:00
100,dry,0.0,85,43749,100,7.6,12.2,0.0,-0.4,Kiel-Holtenau,2023-03-08T20:00:00+00:00
100,dry,0.0,86,47782,100,7.2,11.5,0.0,-0.3,Kiel-Holtenau,2023-03-08T20:30:00+00:00
100,dry,0.0,86,42030,130,5.8,11.2,0.0,-0.5,Kiel-Holtenau,2023-03-08T21:00:00+00:00
100,dry,0.0,84,42030,100,7.6,14.0,0.0,-0.4,Kiel-Holtenau,2023-03-08T21:30:00+00:00
100,dry,0.0,83,54494,100,7.6,11.5,0.0,-0.4,Kiel-Holtenau,2023-03-08T22:00:00+00:00
100,dry,0.0,83,48616,100,8.6,13.0,0.0,-0.4,Kiel-Holtenau,2023-03-08T22:30:00+00:00
100,dry,0.0,85,44191,90,8.3,11.2,0.0,-0.6,Kiel-Holtenau,2023-03-08T23:00:00+00:00
100,dry,0.0,87,32662,90,8.3,11.2,0.0,-0.9,Kiel-Holtenau,2023-03-08T23:30:00+00:00
100,dry,0.0,87,28464,90,10.1,12.6,0.0,-1.2,Kiel-Holtenau,2023-03-09T00:00:00+00:00
100,dry,0.0,82,39640,100,9.0,13.0,0.0,-0.1,Kiel-Holtenau,2023-03-09T00:30:00+00:00
100,dry,0.0,85,34216,90,8.6,11.9,0.0,-1.0,Kiel-Holtenau,2023-03-09T01:00:00+00:00
88,dry,0.0,85,36782,80,10.8,14.0,0.0,-1.1,Kiel-Holtenau,2023-03-09T01:30:00+00:00
100,dry,0.0,83,36072,90,9.7,14.8,0.0,-0.4,Kiel-Holtenau,2023-03-09T02:00:00+00:00
100,dry,0.0,83,36058,100,9.7,13.7,0.0,-0.5,Kiel-Holtenau,2023-03-09T02:30:00+00:00
100,dry,0.0,85,31794,90,10.1,14.8,0.0,-0.5,Kiel-Holtenau,2023-03-09T03:00:00+00:00
100,dry,0.0,82,38159,100,11.2,15.5,0.0,0.0,Kiel-Holtenau,2023-03-09T03:30:00+00:00
100,dry,0.0,84,37752,90,8.3,11.5,0.0,-0.3,Kiel-Holtenau,2023-03-09T04:00:00+00:00
100,dry,0.0,82,41776,110,7.6,12.2,0.0,-0.1,Kiel-Holtenau,2023-03-09T04:30:00+00:00
100,dry,0.0,81,43021,100,9.0,13.0,0.0,0.0,Kiel-Holtenau,2023-03-09T05:00:00+00:00
88,dry,0.0,82,45839,110,8.3,12.2,0.0,-0.2,Kiel-Holtenau,2023-03-09T05:30:00+00:00
100,dry,0.0,83,44459,90,8.6,13.0,0.0,-0.7,Kiel-Holtenau,2023-03-09T06:00:00+00:00
100,dry,0.0,81,58539,100,7.6,11.2,0.0,-0.2,Kiel-Holtenau,2023-03-09T06:30:00+00:00
100,dry,0.0,82,56891,90,6.8,9.4,0.0,0.2,Kiel-Holtenau,2023-03-09T07:00:00+00:00
100,dry,0.0,82,43749,110,7.2,12.6,0.0,0.5,Kiel-Holtenau,2023-03-09T07:30:00+00:00
100,dry,0.0,80,42459,110,7.6,12.2,0.0,1.0,Kiel-Holtenau,2023-03-09T08:00:00+00:00
100,dry,0.0,79,51582,100,7.2,13.3,0.0,1.4,Kiel-Holtenau,2023-03-09T08:30:00+00:00
100,dry,0.0,76,59707,110,8.3,14.8,1.0,1.7,Kiel-Holtenau,2023-03-09T09:00:00+00:00
100,dry,0.0,74,59105,120,9.7,19.4,6.0,2.2,Kiel-Holtenau,2023-03-09T09:30:00+00:00
88,dry,0.0,73,61374,110,13.3,18.4,30.0,2.2,Kiel-Holtenau,2023-03-09T10:00:00+00:00
88,dry,0.0,71,39314,130,9.7,16.6,30.0,2.6,Kiel-Holtenau,2023-03-09T10:30:00+00:00
100,dry,0.0,66,58445,120,10.4,15.1,30.0,3.3,Kiel-Holtenau,2023-03-09T11:00:00+00:00
100,dry,0.0,67,42694,120,7.6,13.0,30.0,3.6,Kiel-Holtenau,2023-03-09T11:30:00+00:00
88,dry,0.0,67,48116,130,8.6,13.0,24.0,3.6,Kiel-Holtenau,2023-03-09T12:00:00+00:00
100,dry,0.0,62,72319,120,6.8,13.0,24.0,3.9,Kiel-Holtenau,2023-03-09T12:30:00+00:00
100,dry,0.0,62,47395,110,6.1,10.8,27.0,3.6,Kiel-Holtenau,2023-03-09T13:00:00+00:00
88,dry,0.0,60,48889,80,7.6,12.2,21.0,3.5,Kiel-Holtenau,2023-03-09T13:30:00+00:00
100,dry,0.0,61,47421,110,8.3,11.9,8.0,3.8,Kiel-Holtenau,2023-03-09T14:00:00+00:00
100,dry,0.0,71,38326,70,14.0,19.1,8.0,3.4,Kiel-Holtenau,2023-03-09T14:30:00+00:00
100,dry,0.0,72,45533,60,13.7,19.1,1.0,3.3,Kiel-Holtenau,2023-03-09T15:00:00+00:00
88,dry,0.0,73,42930,80,13.0,16.9,2.0,3.2,Kiel-Holtenau,2023-03-09T15:30:00+00:00
100,dry,0.0,74,43649,80,13.7,17.6,0.0,2.9,Kiel-Holtenau,2023-03-09T16:00:00+00:00
100,dry,0.0,75,47632,80,12.6,15.5,0.0,2.7,Kiel-Holtenau,2023-03-09T16:30:00+00:00
100,dry,0.0,74,56906,80,11.5,15.5,0.0,2.2,Kiel-Holtenau,2023-03-09T17:00:00+00:00
100,dry,0.0,73,44699,90,10.1,14.4,0.0,2.0,Kiel-Holtenau,2023-03-09T17:30:00+00:00
100,dry,0.0,74,45223,110,8.6,13.7,0.0,2.2,Kiel-Holtenau,2023-03-09T18:00:00+00:00
100,dry,0.0,72,56015,140,7.6,10.8,0.0,2.4,Kiel-Holtenau,2023-03-09T18:30:00+00:00
100,dry,0.0,74,39604,130,7.2,10.4,0.0,2.0,Kiel-Holtenau,2023-03-09T19:00:00+00:00
100,dry,0.0,77,44221,120,6.8,10.1,0.0,1.6,Kiel-Holtenau,2023-03-09T19:30:00+00:00
100,dry,0.0,79,37430,120,6.1,9.7,0.0,1.3,Kiel-Holtenau,2023-03-09T20:00:00+00:00
100,dry,0.0,81,32781,100,6.8,8.6,0.0,1.0,Kiel-Holtenau,2023-03-09T20:30:00+00:00
100,dry,0.0,82,33080,110,4.0,7.2,0.0,1.0,Kiel-Holtenau,2023-03-09T21:00:00+00:00
100,dry,0.0,82,36321,130,5.4,9.4,0.0,1.1,Kiel-Holtenau,2023-03-09T21:30:00+00:00
100,dry,0.0,83,35889,120,2.2,3.6,0.0,1.0,Kiel-Holtenau,2023-03-09T22:00:00+00:00
100,dry,0.0,84,31513,150,3.6,5.4,0.0,0.7,Kiel-Holtenau,2023-03-09T22:30:00+00:00
100,dry,0.0,86,27019,110,2.5,5.4,0.0,0.6,Kiel-Holtenau,2023-03-09T23:00:00+00:00
100,dry,0.0,88,26593,100,4.0,6.5,0.0,0.4,Kiel-Holtenau,2023-03-09T23:30:00+00:00
100,dry,0.0,87,21469,80,5.8,7.2,0.0,0.4,Kiel-Holtenau,2023-03-10T00:00:00+00:00
100,dry,0.0,88,16412,60,8.3,10.4,0.0,-0.2,Kiel-Holtenau,2023-03-10T00:30:00+00:00
88,dry,0.0,93,12751,70,7.9,10.8,0.0,-0.7,Kiel-Holtenau,2023-03-10T01:00:00+00:00
88,dry,0.0,90,14720,100,11.9,18.4,0.0,0.4,Kiel-Holtenau,2023-03-10T01:30:00+00:00
88,dry,0.0,87,17739,90,13.0,19.4,0.0,0.3,Kiel-Holtenau,2023-03-10T02:00:00+00:00
88,dry,0.0,88,16593,90,11.9,16.2,0.0,-0.2,Kiel-Holtenau,2023-03-10T02:30:00+00:00
88,dry,0.0,88,13936,90,15.1,20.2,0.0,0.3,Kiel-Holtenau,2023-03-10T03:00:00+00:00
100,dry,0.0,90,10379,90,13.3,17.3,0.0,0.7,Kiel-Holtenau,2023-03-10T03:30:00+00:00
100,dry,0.0,87,14285,90,11.9,15.8,0.0,0.6,Kiel-Holtenau,2023-03-10T04:00:00+00:00
100,dry,0.0,87,16414,80,13.3,17.3,0.0,0.9,Kiel-Holtenau,2023-03-10T04:30:00+00:00
100,dry,0.0,83,21272,80,19.4,25.6,0.0,1.1,Kiel-Holtenau,2023-03-10T05:00:00+00:00
100,dry,0.0,81,19060,80,20.9,27.0,0.0,1.2,Kiel-Holtenau,2023-03-10T05:30:00+00:00
100,dry,0.0,80,26127,80,19.8,26.6,0.0,1.2,Kiel-Holtenau,2023-03-10T06:00:00+00:00
88,dry,0.0,81,30050,80,20.9,28.8,0.0,1.2,Kiel-Holtenau,2023-03-10T06:30:00+00:00
88,dry,0.0,82,25685,80,21.2,31.0,0.0,1.1,Kiel-Holtenau,2023-03-10T07:00:00+00:00
100,dry,0.0,80,31031,90,20.5,28.1,0.0,1.1,Kiel-Holtenau,2023-03-10T07:30:00+00:00
100,dry,0.0,79,31642,90,24.1,31.7,0.0,1.3,Kiel-Holtenau,2023-03-10T08:00:00+00:00
88,dry,0.0,80,28123,80,25.6,33.8,0.0,1.5,Kiel-Holtenau,2023-03-10T08:30:00+00:00
100,dry,0.0,79,32059,80,23.0,33.8,0.0,1.6,Kiel-Holtenau,2023-03-10T09:00:00+00:00
100,dry,0.0,78,33646,80,18.0,25.6,0.0,2.0,Kiel-Holtenau,2023-03-10T09:30:00+00:00
100,dry,0.0,75,38647,80,22.7,32.4,0.0,2.2,Kiel-Holtenau,2023-03-10T10:00:00+00:00
100,dry,0.0,75,43922,80,24.1,33.5,0.0,2.4,Kiel-Holtenau,2023-03-10T10:30:00+00:00
100,dry,0.0,78,41329,80,19.8,29.5,0.0,2.4,Kiel-Holtenau,2023-03-10T11:00:00+00:00
100,dry,0.0,71,55160,80,26.6,37.1,0.0,2.6,Kiel-Holtenau,2023-03-10T11:30:00+00:00
100,dry,0.0,71,56993,70,26.3,34.6,0.0,2.7,Kiel-Holtenau,2023-03-10T12:00:00+00:00
100,dry,0.0,75,41233,70,22.3,33.5,0.0,2.6,Kiel-Holtenau,2023-03-10T12:30:00+00:00
100,dry,0.0,71,48051,70,22.7,32.4,0.0,3.1,Kiel-Holtenau,2023-03-10T13:00:00+00:00
100,dry,0.0,75,45063,70,26.3,34.9,0.0,2.8,Kiel-Holtenau,2023-03-10T13:30:00+00:00
100,dry,0.0,75,51929,70,22.3,30.2,0.0,3.3,Kiel-Holtenau,2023-03-10T14:00:00+00:00
100,dry,0.0,75,43819,80,23.0,32.8,0.0,2.8,Kiel-Holtenau,2023-03-10T14:30:00+00:00
100,dry,0.0,73,51106,80,26.6,34.9,0.0,2.6,Kiel-Holtenau,2023-03-10T15:00:00+00:00
100,dry,0.0,75,48789,70,26.6,36.4,0.0,2.5,Kiel-Holtenau,2023-03-10T15:30:00+00:00
100,dry,0.0,76,48048,70,27.0,40.7,0.0,2.3,Kiel-Holtenau,2023-03-10T16:00:00+00:00
100,dry,0.0,74,50058,60,24.1,34.9,0.0,2.3,Kiel-Holtenau,2023-03-10T16:30:00+00:00
100,dry,0.0,73,46950,70,23.8,33.5,0.0,2.3,Kiel-Holtenau,2023-03-10T17:00:00+00:00
100,rain,0.0,73,47546,50,23.0,34.2,0.0,2.2,Kiel-Holtenau,2023-03-10T17:30:00+00:00
100,dry,0.0,71,57231,50,26.3,35.3,0.0,2.2,Kiel-Holtenau,2023-03-10T18:00:00+00:00
100,dry,0.0,71,62742,50,25.9,40.7,0.0,2.2,Kiel-Holtenau,2023-03-10T18:30:00+00:00
100,dry,0.0,71,63422,40,25.9,37.4,0.0,2.2,Kiel-Holtenau,2023-03-10T19:00:00+00:00
100,snow,0.0,69,30125,40,20.2,32.4,0.0,2.2,Kiel-Holtenau,2023-03-10T19:30:00+00:00
100,rain,0.0,67,41884,30,24.8,38.2,0.0,2.1,Kiel-Holtenau,2023-03-10T20:00:00+00:00
100,snow,0.0,69,19559,20,24.1,34.6,0.0,2.0,Kiel-Holtenau,2023-03-10T20:30:00+00:00
88,snow,0.0,72,14443,10,23.4,33.8,0.0,1.8,Kiel-Holtenau,2023-03-10T21:00:00+00:00
25,snow,0.0,84,5268,360,20.9,28.8,0.0,0.9,Kiel-Holtenau,2023-03-10T21:30:00+00:00
38,dry,0.0,79,39911,10,16.2,25.9,0.0,1.5,Kiel-Holtenau,2023-03-10T22:00:00+00:00
100,dry,0.0,73,72722,10,17.3,32.4,0.0,2.0,Kiel-Holtenau,2023-03-10T22:30:00+00:00
88,rain,0.0,77,12234,360,22.0,29.5,0.0,1.7,Kiel-Holtenau,2023-03-10T23:00:00+00:00
88,rain,0.0,83,19755,350,17.6,24.1,0.0,1.1,Kiel-Holtenau,2023-03-10T23:30:00+00:00
100,snow,0.0,86,9095,350,18.4,31.0,0.0,1.0,Kiel-Holtenau,2023-03-11T00:00:00+00:00
75,snow,0.0,91,3228,330,16.9,22.7,0.0,0.5,Kiel-Holtenau,2023-03-11T00:30:00+00:00
63,snow,0.0,93,5687,340,17.6,26.6,0.0,0.1,Kiel-Holtenau,2023-03-11T01:00:00+00:00
75,hail,0.0,91,18868,330,15.1,23.4,0.0,0.3,Kiel-Holtenau,2023-03-11T01:30:00+00:00
50,dry,0.0,91,28489,320,14.8,22.3,0.0,0.3,Kiel-Holtenau,2023-03-11T02:00:00+00:00
63,snow,0.0,92,8837,320,15.8,22.3,0.0,0.3,Kiel-Holtenau,2023-03-11T02:30:00+00:00
88,dry,0.0,89,28547,320,18.7,27.4,0.0,0.2,Kiel-Holtenau,2023-03-11T03:00:00+00:00
75,dry,0.0,89,24303,320,18.0,25.2,0.0,-0.1,Kiel-Holtenau,2023-03-11T03:30:00+00:00
13,dry,0.0,89,26682,310,13.7,22.7,0.0,-0.6,Kiel-Holtenau,2023-03-11T04:00:00+00:00
0,dry,0.0,89,24438,310,15.1,21.6,0.0,-1.0,Kiel-Holtenau,2023-03-11T04:30:00+00:00
0,dry,0.0,86,32470,320,13.3,18.0,0.0,-1.4,Kiel-Holtenau,2023-03-11T05:00:00+00:00
0,dry,0.0,86,37769,320,16.9,21.2,0.0,-1.2,Kiel-Holtenau,2023-03-11T05:30:00+00:00
0,dry,0.0,88,26713,310,13.7,19.1,0.0,-1.6,Kiel-Holtenau,2023-03-11T06:00:00+00:00
0,dry,0.0,88,29536,300,13.3,19.8,0.0,-1.5,Kiel-Holtenau,2023-03-11T06:30:00+00:00
0,dry,0.0,83,35188,300,13.3,20.2,14.0,-1.0,Kiel-Holtenau,2023-03-11T07:00:00+00:00
0,dry,0.0,75,72674,310,14.8,22.0,0.0,-0.1,Kiel-Holtenau,2023-03-11T07:30:00+00:00
0,dry,0.0,70,71194,320,17.6,28.8,22.0,0.7,Kiel-Holtenau,2023-03-11T08:00:00+00:00
13,dry,0.0,67,65382,320,15.1,22.7,29.0,1.1,Kiel-Holtenau,2023-03-11T08:30:00+00:00
0,dry,0.0,63,71885,310,14.8,21.2,30.0,1.9,Kiel-Holtenau,2023-03-11T09:00:00+00:00
0,dry,0.0,60,69915,300,16.2,27.4,30.0,2.3,Kiel-Holtenau,2023-03-11T09:30:00+00:00
0,dry,0.0,60,75000,290,23.0,30.2,30.0,3.3,Kiel-Holtenau,2023-03-11T10:00:00+00:00
0,dry,0.0,59,75000,290,23.0,31.7,30.0,4.1,Kiel-Holtenau,2023-03-11T10:30:00+00:00
38,dry,0.0,61,64852,290,24.5,33.1,30.0,5.1,Kiel-Holtenau,2023-03-11T11:00:00+00:00
50,dry,0.0,58,75000,290,25.6,32.8,30.0,4.6,Kiel-Holtenau,2023-03-11T11:30:00+00:00
88,dry,0.0,58,75000,280,26.3,36.0,30.0,5.1,Kiel-Holtenau,2023-03-11T12:00:00+00:00
88,dry,0.0,55,75000,280,25.9,40.0,30.0,5.4,Kiel-Holtenau,2023-03-11T12:30:00+00:00
88,dry,0.0,59,65055,280,29.2,42.1,17.0,5.1,Kiel-Holtenau,2023-03-11T13:00:00+00:00
88,dry,0.0,59,69729,280,30.6,38.9,10.0,5.3,Kiel-Holtenau,2023-03-11T13:30:00+00:00
88,dry,0.0,77,75000,290,19.4,28.1,9.0,3.9,Kiel-Holtenau,2023-03-11T14:00:00+00:00
88,dry,0.0,79,75000,260,29.9,53.6,23.0,3.9,Kiel-Holtenau,2023-03-11T14:30:00+00:00
88,dry,0.0,74,75000,260,28.1,42.8,10.0,4.1,Kiel-Holtenau,2023-03-11T15:00:00+00:00
88,rain,0.0,85,30793,290,22.7,31.7,23.0,3.3,Kiel-Holtenau,2023-03-11T15:30:00+00:00
88,dry,0.0,73,63906,270,27.4,41.8,13.0,4.4,Kiel-Holtenau,2023-03-11T16:00:00+00:00
88,dry,0.0,77,68181,280,26.6,36.7,18.0,3.3,Kiel-Holtenau,2023-03-11T16:30:00+00:00
75,dry,0.0,73,56480,270,27.0,38.5,2.0,3.6,Kiel-Holtenau,2023-03-11T17:00:00+00:00
88,rain,0.0,78,36296,250,21.6,33.8,0.0,3.3,Kiel-Holtenau,2023-03-11T17:30:00+00:00
75,dry,0.0,82,59387,270,27.0,40.3,0.0,2.8,Kiel-Holtenau,2023-03-11T18:00:00+00:00
88,rain,0.0,84,43385,270,23.8,35.6,0.0,2.9,Kiel-Holtenau,2023-03-11T18:30:00+00:00
88,rain,0.1,89,4384,290,23.4,33.5,0.0,1.9,Kiel-Holtenau,2023-03-11T19:00:00+00:00
88,dry,0.0,92,75000,270,18.7,27.0,0.0,1.8,Kiel-Holtenau,2023-03-11T19:30:00+00:00
100,dry,0.0,94,75000,270,15.1,21.6,0.0,1.4,Kiel-Holtenau,2023-03-11T20:00:00+00:00
88,dry,0.0,92,71108,270,13.0,17.3,0.0,1.5,Kiel-Holtenau,2023-03-11T20:30:00+00:00
75,dry,0.0,94,64427,280,11.2,20.2,0.0,1.2,Kiel-Holtenau,2023-03-11T21:00:00+00:00
88,dry,0.0,93,56795,280,9.0,14.4,0.0,1.3,Kiel-Holtenau,2023-03-11T21:30:00+00:00
38,dry,0.0,87,67352,280,12.6,18.0,0.0,0.8,Kiel-Holtenau,2023-03-11T22:00:00+00:00
0,dry,0.0,93,60814,280,9.7,13.0,0.0,0.0,Kiel-Holtenau,2023-03-11T22:30:00+00:00
0,dry,0.0,93,46739,260,10.8,16.2,0.0,0.4,Kiel-Holtenau,2023-03-11T23:00:00+00:00
0,dry,0.0,91,55036,260,11.2,18.4,0.0,0.2,Kiel-Holtenau,2023-03-11T23:30:00+00:00
25,dry,0.0,92,40845,250,9.7,14.0,0.0,0.0,Kiel-Holtenau,2023-03-12T00:00:00+00:00
50,dry,0.0,93,46139,250,10.1,14.0,0.0,-0.1,Kiel-Holtenau,2023-03-12T00:30:00+00:00
13,dry,0.0,92,46340,260,9.4,13.3,0.0,-0.5,Kiel-Holtenau,2023-03-12T01:00:00+00:00
25,dry,0.0,90,43150,260,11.9,15.8,0.0,-0.5,Kiel-Holtenau,2023-03-12T01:30:00+00:00
0,dry,0.0,89,56440,260,8.6,13.0,0.0,-0.7,Kiel-Holtenau,2023-03-12T02:00:00+00:00
13,dry,0.0,88,48517,260,7.2,10.1,0.0,-1.0,Kiel-Holtenau,2023-03-12T02:30:00+00:00
88,dry,0.0,85,56721,250,6.8,9.7,0.0,-1.0,Kiel-Holtenau,2023-03-12T03:00:00+00:00
100,dry,0.0,83,55138,250,7.2,11.5,0.0,-0.8,Kiel-Holtenau,2023-03-12T03:30:00+00:00
88,dry,0.0,82,55798,260,6.8,9.7,0.0,-1.1,Kiel-Holtenau,2023-03-12T04:00:00+00:00
63,dry,0.0,81,56366,240,7.6,11.9,0.0,-0.9,Kiel-Holtenau,2023-03-12T04:30:00+00:00
63,dry,0.0,84,52416,230,4.7,7.9,0.0,-1.2,Kiel-Holtenau,2023-03-12T05:00:00+00:00
100,dry,0.0,87,44949,220,3.6,5.4,0.0,-1.4,Kiel-Holtenau,2023-03-12T05:30:00+00:00
100,dry,0.0,89,47727,210,7.2,10.8,0.0,-1.3,Kiel-Holtenau,2023-03-12T06:00:00+00:00
100,dry,0.0,91,36540,220,8.3,13.7,9.0,-0.7,Kiel-Holtenau,2023-03-12T06:30:00+00:00
100,dry,0.0,91,27034,200,9.0,12.6,9.0,-0.1,Kiel-Holtenau,2023-03-12T07:00:00+00:00
100,dry,0.0,90,24531,180,6.5,9.0,3.0,0.3,Kiel-Holtenau,2023-03-12T07:30:00+00:00
100,dry,0.0,89,20366,170,9.4,14.0,5.0,0.3,Kiel-Holtenau,2023-03-12T08:00:00+00:00
100,dry,0.0,91,11373,170,10.4,15.1,11.0,0.5,Kiel-Holtenau,2023-03-12T08:30:00+00:00
100,dry,0.0,93,13404,190,11.2,19.8,10.0,0.9,Kiel-Holtenau,2023-03-12T09:00:00+00:00
88,dry,0.0,94,18217,160,11.9,19.1,27.0,0.9,Kiel-Holtenau,2023-03-12T09:30:00+00:00
100,dry,0.0,92,16854,170,13.0,19.4,22.0,1.4,Kiel-Holtenau,2023-03-12T10:00:00+00:00
100,dry,0.0,90,14108,170,13.0,18.7,9.0,2.4,Kiel-Holtenau,2023-03-12T10:30:00+00:00
100,dry,0.0,87,17011,160,14.0,21.2,21.0,3.0,Kiel-Holtenau,2023-03-12T11:00:00+00:00
100,dry,0.0,82,20979,170,11.9,19.1,2.0,3.3,Kiel-Holtenau,2023-03-12T11:30:00+00:00
88,dry,0.0,82,17881,160,13.0,18.7,0.0,3.5,Kiel-Holtenau,2023-03-12T12:00:00+00:00
100,dry,0.0,80,23312,150,12.2,17.6,0.0,3.8,Kiel-Holtenau,2023-03-12T12:30:00+00:00
100,dry,0.0,68,63496,190,13.0,28.4,0.0,4.1,Kiel-Holtenau,2023-03-12T13:00:00+00:00
88,dry,0.0,62,66264,190,18.0,34.6,0.0,4.0,Kiel-Holtenau,2023-03-12T13:30:00+00:00
100,dry,0.0,67,40123,170,20.5,34.2,0.0,3.6,Kiel-Holtenau,2023-03-12T14:00:00+00:00
88,dry,0.0,70,68074,180,18.0,34.2,0.0,3.5,Kiel-Holtenau,2023-03-12T14:30:00+00:00
75,rain,0.0,73,22531,190,20.5,32.4,0.0,3.3,Kiel-Holtenau,2023-03-12T15:00:00+00:00
75,rain,0.0,84,16169,180,21.6,35.3,0.0,2.4,Kiel-Holtenau,2023-03-12T15:30:00+00:00
88,rain,0.0,90,10574,180,16.9,24.8,0.0,1.9,Kiel-Holtenau,2023-03-12T16:00:00+00:00
50,sleet,0.1,93,13712,180,16.6,28.1,0.0,1.5,Kiel-Holtenau,2023-03-12T16:30:00+00:00
38,snow,0.0,94,7996,180,15.1,25.6,0.0,1.4,Kiel-Holtenau,2023-03-12T17:00:00+00:00
75,dry,0.0,95,4547,180,19.1,33.5,0.0,1.5,Kiel-Holtenau,2023-03-12T17:30:00+00:00
75,rain,0.0,95,5024,190,15.1,26.6,0.0,1.7,Kiel-Holtenau,2023-03-12T18:00:00+00:00
75,rain,0.0,95,18461,200,16.2,24.8,0.0,2.1,Kiel-Holtenau,2023-03-12T18:30:00+00:00
100,dry,0.0,95,5754,210,15.1,27.0,0.0,2.5,Kiel-Holtenau,2023-03-12T19:00:00+00:00
88,dry,0.0,96,5171,210,18.4,27.0,0.0,2.9,Kiel-Holtenau,2023-03-12T19:30:00+00:00
100,dry,0.0,97,3384,210,15.5,23.4,0.0,3.4,Kiel-Holtenau,2023-03-12T20:00:00+00:00
100,dry,0.0,98,2816,210,13.7,22.7,0.0,3.8,Kiel-Holtenau,2023-03-12T20:30:00+00:00
100,dry,0.0,98,4251,210,13.0,19.4,0.0,4.4,Kiel-Holtenau,2023-03-12T21:00:00+00:00
100,dry,0.0,98,5525,210,12.2,19.1,0.0,5.0,Kiel-Holtenau,2023-03-12T21:30:00+00:00
88,dry,0.0,95,6014,230,14.0,24.1,0.0,6.4,Kiel-Holtenau,2023-03-12T22:10:00+00:00
88,dry,0.0,95,12140,230,15.5,25.6,0.0,6.7,Kiel-Holtenau,2023-03-12T22:30:00+00:00
88,dry,0.0,92,13397,240,17.3,27.4,0.0,7.1,Kiel-Holtenau,2023-03-12T23:10:00+00:00
88,dry,0.0,91,14240,230,19.8,29.5,0.0,7.5,Kiel-Holtenau,2023-03-13T00:00:00+00:00
88,dry,0.0,90,14240,230,17.3,29.9,0.0,7.5,Kiel-Holtenau,2023-03-13T00:30:00+00:00
88,dry,0.0,91,15229,220,17.6,26.6,0.0,7.4,Kiel-Holtenau,2023-03-13T01:00:00+00:00
100,dry,0.0,91,15229,220,15.8,23.8,0.0,7.4,Kiel-Holtenau,2023-03-13T01:10:00+00:00
88,dry,0.0,91,16340,220,17.6,29.5,0.0,7.6,Kiel-Holtenau,2023-03-13T02:00:00+00:00
88,dry,0.0,91,16340,220,17.6,29.5,0.0,7.6,Kiel-Holtenau,2023-03-13T02:00:00+00:00
88,rain,0.0,95,3783,210,15.8,26.3,0.0,7.3,Kiel-Holtenau,2023-03-13T03:00:00+00:00
88,rain,0.1,95,3783,210,15.8,26.3,0.0,7.3,Kiel-Holtenau,2023-03-13T03:00:00+00:00
75,rain,0.1,96,7016,200,16.6,27.0,0.0,7.4,Kiel-Holtenau,2023-03-13T04:00:00+00:00
50,rain,0.1,95,7016,200,19.4,29.5,0.0,7.5,Kiel-Holtenau,2023-03-13T04:10:00+00:00
50,rain,0.0,95,10097,210,20.2,31.7,0.0,7.7,Kiel-Holtenau,2023-03-13T05:00:00+00:00
50,rain,0.2,95,10097,200,22.0,34.6,0.0,7.7,Kiel-Holtenau,2023-03-13T05:10:00+00:00
100,rain,0.2,95,9441,200,22.3,35.6,0.0,7.9,Kiel-Holtenau,2023-03-13T06:00:00+00:00
100,rain,0.2,96,9441,200,23.0,33.8,0.0,8.0,Kiel-Holtenau,2023-03-13T06:10:00+00:00
63,rain,0.3,96,6058,200,23.0,42.5,0.0,8.3,Kiel-Holtenau,2023-03-13T07:00:00+00:00
75,rain,0.1,95,6058,210,22.3,35.3,0.0,8.6,Kiel-Holtenau,2023-03-13T07:10:00+00:00
75,dry,0.0,95,4767,220,27.0,42.8,0.0,9.3,Kiel-Holtenau,2023-03-13T08:00:00+00:00
88,rain,0.0,95,4767,220,25.2,40.7,0.0,9.6,Kiel-Holtenau,2023-03-13T08:10:00+00:00
88,rain,0.0,95,3623,220,30.6,45.7,0.0,10.3,Kiel-Holtenau,2023-03-13T09:00:00+00:00
88,rain,0.1,95,3655,230,27.4,45.0,0.0,10.6,Kiel-Holtenau,2023-03-13T09:10:00+00:00
88,rain,0.1,94,3425,240,30.2,47.2,0.0,11.4,Kiel-Holtenau,2023-03-13T10:00:00+00:00
88,rain,0.1,94,3425,240,31.0,48.6,0.0,11.6,Kiel-Holtenau,2023-03-13T10:10:00+00:00
88,dry,0.0,85,65737,240,38.2,60.5,6.0,12.7,Kiel-Holtenau,2023-03-13T11:00:00+00:00
88,dry,0.0,81,74950,240,43.6,77.8,7.0,13.0,Kiel-Holtenau,2023-03-13T11:30:00+00:00
100,dry,0.0,73,64491,250,46.8,79.2,12.0,14.1,Kiel-Holtenau,2023-03-13T12:00:00+00:00
88,dry,0.0,69,64773,250,48.2,77.8,18.0,13.9,Kiel-Holtenau,2023-03-13T12:30:00+00:00
88,dry,0.0,66,47906,250,42.8,72.4,9.0,14.1,Kiel-Holtenau,2023-03-13T13:00:00+00:00
88,dry,0.0,66,47906,250,42.8,72.4,9.0,14.1,Kiel-Holtenau,2023-03-13T13:00:00+00:00
88,dry,0.0,62,42428,250,41.4,68.8,2.0,14.4,Kiel-Holtenau,2023-03-13T14:00:00+00:00
88,dry,0.0,63,42428,240,36.0,53.6,2.0,14.4,Kiel-Holtenau,2023-03-13T14:10:00+00:00
88,dry,0.0,62,48263,250,45.0,70.6,13.0,14.7,Kiel-Holtenau,2023-03-13T15:00:00+00:00
88,dry,0.0,61,43651,250,44.6,75.6,4.0,14.4,Kiel-Holtenau,2023-03-13T15:30:00+00:00
88,dry,0.0,61,44864,250,43.6,70.2,15.0,14.1,Kiel-Holtenau,2023-03-13T16:00:00+00:00
100,dry,0.0,58,44864,250,41.0,76.7,0.0,14.1,Kiel-Holtenau,2023-03-13T16:30:00+00:00
100,dry,0.0,54,40159,250,49.7,73.1,0.0,14.2,Kiel-Holtenau,2023-03-13T17:00:00+00:00
88,dry,0.0,52,39695,250,41.4,70.9,0.0,14.0,Kiel-Holtenau,2023-03-13T17:30:00+00:00
100,dry,0.0,53,43444,250,38.5,58.3,0.0,13.8,Kiel-Holtenau,2023-03-13T18:00:00+00:00
88,dry,0.0,55,43444,240,38.9,62.3,0.0,13.6,Kiel-Holtenau,2023-03-13T18:10:00+00:00
88,dry,0.0,58,33680,240,42.5,69.5,0.0,13.2,Kiel-Holtenau,2023-03-13T19:00:00+00:00
100,dry,0.0,59,31552,240,37.1,73.4,0.0,12.8,Kiel-Holtenau,2023-03-13T19:30:00+00:00
100,dry,0.0,61,30839,240,34.6,56.5,0.0,12.6,Kiel-Holtenau,2023-03-13T20:00:00+00:00
100,dry,0.0,61,33051,240,35.3,57.2,0.0,12.3,Kiel-Holtenau,2023-03-13T20:30:00+00:00
50,dry,0.0,62,32245,240,32.8,47.2,0.0,11.9,Kiel-Holtenau,2023-03-13T21:00:00+00:00
0,dry,0.0,62,32057,240,32.8,49.0,0.0,11.6,Kiel-Holtenau,2023-03-13T21:30:00+00:00
13,dry,0.0,64,33107,240,30.6,46.1,0.0,11.4,Kiel-Holtenau,2023-03-13T22:00:00+00:00
38,dry,0.0,64,31855,240,27.7,43.6,0.0,11.4,Kiel-Holtenau,2023-03-13T22:30:00+00:00
100,dry,0.0,64,32681,230,31.3,51.1,0.0,11.6,Kiel-Holtenau,2023-03-13T23:00:00+00:00
50,dry,0.0,65,33183,240,25.6,49.0,0.0,11.2,Kiel-Holtenau,2023-03-13T23:30:00+00:00
25,dry,0.0,66,31835,230,23.8,41.0,0.0,11.0,Kiel-Holtenau,2023-03-14T00:00:00+00:00
0,dry,0.0,69,31624,230,23.8,41.0,0.0,10.5,Kiel-Holtenau,2023-03-14T00:30:00+00:00
88,dry,0.0,70,30507,230,24.1,42.8,0.0,10.6,Kiel-Holtenau,2023-03-14T01:00:00+00:00
25,dry,0.0,72,30235,230,24.5,37.4,0.0,10.1,Kiel-Holtenau,2023-03-14T01:30:00+00:00
63,dry,0.0,71,31290,220,23.8,36.7,0.0,10.3,Kiel-Holtenau,2023-03-14T02:00:00+00:00
38,dry,0.0,71,31723,230,23.4,40.3,0.0,10.5,Kiel-Holtenau,2023-03-14T02:30:00+00:00
75,dry,0.0,71,30858,230,21.6,40.7,0.0,10.5,Kiel-Holtenau,2023-03-14T03:00:00+00:00
88,dry,0.0,71,33277,230,23.4,36.4,0.0,10.7,Kiel-Holtenau,2023-03-14T03:30:00+00:00
88,dry,0.0,74,35381,210,18.0,28.4,0.0,10.5,Kiel-Holtenau,2023-03-14T04:00:00+00:00
100,rain,0.1,84,14699,220,23.0,40.3,0.0,10.1,Kiel-Holtenau,2023-03-14T04:30:00+00:00
88,rain,0.3,89,21675,230,25.2,36.4,0.0,9.7,Kiel-Holtenau,2023-03-14T05:00:00+00:00
88,rain,0.1,88,24410,220,23.0,35.6,0.0,9.4,Kiel-Holtenau,2023-03-14T05:30:00+00:00
88,dry,0.0,89,47683,230,24.5,39.2,0.0,9.1,Kiel-Holtenau,2023-03-14T06:00:00+00:00
88,dry,0.0,89,47508,230,23.8,35.6,0.0,8.9,Kiel-Holtenau,2023-03-14T06:30:00+00:00
88,dry,0.0,87,40981,230,24.1,40.0,1.0,9.3,Kiel-Holtenau,2023-03-14T07:00:00+00:00
100,dry,0.0,87,27423,230,23.4,35.3,0.0,9.5,Kiel-Holtenau,2023-03-14T07:30:00+00:00
100,rain,0.0,88,32808,230,25.6,39.2,0.0,9.5,Kiel-Holtenau,2023-03-14T08:00:00+00:00
100,rain,0.0,89,12753,240,22.3,33.5,0.0,9.5,Kiel-Holtenau,2023-03-14T08:30:00+00:00
100,rain,0.2,91,18699,320,25.2,41.4,0.0,8.0,Kiel-Holtenau,2023-03-14T09:00:00+00:00
88,rain,0.1,92,8343,350,31.0,45.0,0.0,4.0,Kiel-Holtenau,2023-03-14T09:30:00+00:00
88,rain,0.1,91,11385,350,30.2,46.1,0.0,2.8,Kiel-Holtenau,2023-03-14T10:00:00+00:00
88,rain,0.1,93,28115,330,20.9,30.2,0.0,3.3,Kiel-Holtenau,2023-03-14T10:30:00+00:00
88,rain,0.1,88,24202,330,26.3,39.6,3.0,3.9,Kiel-Holtenau,2023-03-14T11:00:00+00:00
88,dry,0.0,82,43508,330,19.1,27.4,2.0,4.2,Kiel-Holtenau,2023-03-14T11:30:00+00:00
100,dry,0.0,75,63355,310,26.3,39.2,5.0,4.9,Kiel-Holtenau,2023-03-14T12:00:00+00:00
88,rain,0.1,83,3213,310,25.2,54.0,0.0,2.7,Kiel-Holtenau,2023-03-14T12:30:00+00:00
88,dry,0.0,77,36950,310,18.4,40.0,0.0,4.7,Kiel-Holtenau,2023-03-14T13:00:00+00:00
88,dry,0.0,64,42903,300,29.9,44.6,0.0,5.5,Kiel-Holtenau,2023-03-14T13:30:00+00:00
100,dry,0.0,55,58285,300,33.5,48.2,7.0,5.8,Kiel-Holtenau,2023-03-14T14:00:00+00:00
88,dry,0.0,52,55113,310,35.6,58.0,6.0,5.5,Kiel-Holtenau,2023-03-14T14:30:00+00:00
100,dry,0.0,55,53988,300,30.6,44.3,5.0,5.1,Kiel-Holtenau,2023-03-14T15:00:00+00:00
100,dry,0.0,57,52902,300,36.4,47.9,8.0,5.2,Kiel-Holtenau,2023-03-14T15:30:00+00:00
100,dry,0.0,53,58119,300,40.3,56.9,17.0,5.0,Kiel-Holtenau,2023-03-14T16:00:00+00:00
100,dry,0.0,55,57654,290,39.2,55.1,28.0,4.9,Kiel-Holtenau,2023-03-14T16:30:00+00:00
63,dry,0.0,59,47676,280,32.0,46.4,17.0,4.2,Kiel-Holtenau,2023-03-14T17:00:00+00:00
50,dry,0.0,62,46292,290,32.4,44.6,0.0,3.8,Kiel-Holtenau,2023-03-14T17:30:00+00:00
38,rain,0.0,70,15619,290,34.9,51.5,0.0,3.2,Kiel-Holtenau,2023-03-14T18:00:00+00:00
13,dry,0.0,73,56298,290,30.6,45.4,0.0,2.5,Kiel-Holtenau,2023-03-14T18:30:00+00:00
0,dry,0.0,73,47501,270,27.7,39.2,0.0,2.8,Kiel-Holtenau,2023-03-14T19:00:00+00:00
0,dry,0.0,74,46055,270,25.9,37.1,0.0,2.7,Kiel-Holtenau,2023-03-14T19:30:00+00:00
0,dry,0.0,80,43572,270,25.6,33.8,0.0,2.3,Kiel-Holtenau,2023-03-14T20:00:00+00:00
0,dry,0.0,78,57006,270,23.4,31.7,0.0,2.1,Kiel-Holtenau,2023-03-14T20:30:00+00:00
0,dry,0.0,79,48799,270,20.9,29.5,0.0,2.0,Kiel-Holtenau,2023-03-14T21:00:00+00:00
0,dry,0.0,80,46610,270,20.5,28.1,0.0,1.9,Kiel-Holtenau,2023-03-14T21:30:00+00:00
13,dry,0.0,80,45692,260,24.5,35.6,0.0,2.1,Kiel-Holtenau,2023-03-14T22:00:00+00:00
50,dry,0.0,87,75000,270,18.4,25.9,0.0,1.3,Kiel-Holtenau,2023-03-14T22:30:00+00:00
88,dry,0.0,87,65912,260,20.2,31.7,0.0,1.6,Kiel-Holtenau,2023-03-14T23:00:00+00:00
75,dry,0.0,84,50442,260,16.6,23.8,0.0,1.8,Kiel-Holtenau,2023-03-14T23:30:00+00:00
63,dry,0.0,83,45577,250,14.8,22.0,0.0,1.8,Kiel-Holtenau,2023-03-15T00:00:00+00:00
88,hail,0.2,89,7476,260,15.1,22.3,0.0,1.3,Kiel-Holtenau,2023-03-15T00:30:00+00:00
63,snow,0.1,97,35352,250,6.1,12.2,0.0,0.7,Kiel-Holtenau,2023-03-15T01:00:00+00:00
88,dry,0.0,96,35478,220,10.4,14.8,0.0,0.7,Kiel-Holtenau,2023-03-15T01:30:00+00:00
100,dry,0.0,89,42885,250,13.0,18.7,0.0,1.2,Kiel-Holtenau,2023-03-15T02:00:00+00:00
88,snow,0.0,90,27593,280,19.4,27.7,0.0,0.9,Kiel-Holtenau,2023-03-15T02:30:00+00:00
88,snow,0.3,97,1555,310,16.2,27.4,0.0,0.4,Kiel-Holtenau,2023-03-15T03:00:00+00:00
100,dry,0.0,100,42777,210,7.2,10.1,0.0,0.2,Kiel-Holtenau,2023-03-15T03:30:00+00:00
25,dry,0.0,95,43844,230,10.4,16.2,0.0,0.0,Kiel-Holtenau,2023-03-15T04:00:00+00:00
13,dry,0.0,95,45686,230,11.9,18.0,0.0,0.0,Kiel-Holtenau,2023-03-15T04:30:00+00:00
25,dry,0.0,95,47848,240,13.0,19.4,0.0,-0.1,Kiel-Holtenau,2023-03-15T05:00:00+00:00
88,dry,0.0,95,43857,230,12.2,18.0,0.0,-0.2,Kiel-Holtenau,2023-03-15T05:30:00+00:00
88,dry,0.0,94,43028,230,11.9,18.0,0.0,0.1,Kiel-Holtenau,2023-03-15T06:00:00+00:00
88,dry,0.0,90,38414,250,18.7,27.4,13.0,0.5,Kiel-Holtenau,2023-03-15T06:30:00+00:00
0,dry,0.0,92,49085,240,17.3,27.7,16.0,0.5,Kiel-Holtenau,2023-03-15T07:00:00+00:00
0,dry,0.0,88,50214,240,15.8,23.0,30.0,1.1,Kiel-Holtenau,2023-03-15T07:30:00+00:00
0,dry,0.0,86,48250,240,15.8,20.9,30.0,1.7,Kiel-Holtenau,2023-03-15T08:00:00+00:00
75,snow,0.0,86,50970,250,14.4,23.0,30.0,2.0,Kiel-Holtenau,2023-03-15T08:30:00+00:00
38,dry,0.0,86,62847,260,20.2,29.9,13.0,2.4,Kiel-Holtenau,2023-03-15T09:00:00+00:00
0,dry,0.0,80,67047,270,21.2,33.1,28.0,3.6,Kiel-Holtenau,2023-03-15T09:30:00+00:00
63,dry,0.0,77,75000,270,26.3,41.4,30.0,3.5,Kiel-Holtenau,2023-03-15T10:00:00+00:00
88,dry,0.0,76,67083,260,23.8,36.0,24.0,4.7,Kiel-Holtenau,2023-03-15T10:30:00+00:00
75,dry,0.0,71,75000,280,25.2,43.2,13.0,5.1,Kiel-Holtenau,2023-03-15T11:00:00+00:00
88,dry,0.0,67,61476,270,25.2,39.6,23.0,4.9,Kiel-Holtenau,2023-03-15T11:30:00+00:00
100,dry,0.0,76,75000,260,28.1,43.6,0.0,5.2,Kiel-Holtenau,2023-03-15T12:00:00+00:00
88,dry,0.0,66,75000,280,28.1,36.7,28.0,5.3,Kiel-Holtenau,2023-03-15T12:30:00+00:00
13,dry,0.0,66,38873,280,27.7,41.0,0.0,4.7,Kiel-Holtenau,2023-03-15T17:30:00+00:00
13,dry,0.0,66,38873,280,27.7,41.0,0.0,4.7,Kiel-Holtenau,2023-03-15T17:30:00+00:00
38,dry,0.0,68,40710,270,23.8,37.8,0.0,4.6,Kiel-Holtenau,2023-03-15T18:00:00+00:00
13,dry,0.0,71,37554,270,22.0,31.7,0.0,4.2,Kiel-Holtenau,2023-03-15T18:30:00+00:00
13,dry,0.0,74,37222,260,20.5,32.4,0.0,3.9,Kiel-Holtenau,2023-03-15T19:00:00+00:00
13,dry,0.0,76,35997,260,20.2,29.2,0.0,3.7,Kiel-Holtenau,2023-03-15T19:30:00+00:00
25,dry,0.0,75,35899,260,20.9,31.7,0.0,3.7,Kiel-Holtenau,2023-03-15T20:00:00+00:00
0,dry,0.0,76,38066,260,19.8,31.3,0.0,3.3,Kiel-Holtenau,2023-03-15T20:30:00+00:00
0,dry,0.0,77,36410,260,18.4,27.4,0.0,3.1,Kiel-Holtenau,2023-03-15T21:00:00+00:00
0,dry,0.0,78,39928,270,16.6,22.3,0.0,2.9,Kiel-Holtenau,2023-03-15T21:30:00+00:00
0,dry,0.0,79,36158,270,13.3,18.4,0.0,2.2,Kiel-Holtenau,2023-03-15T22:00:00+00:00
0,dry,0.0,80,38475,260,10.4,15.5,0.0,2.0,Kiel-Holtenau,2023-03-15T22:30:00+00:00
0,dry,0.0,81,41723,250,10.4,16.6,0.0,1.9,Kiel-Holtenau,2023-03-15T23:00:00+00:00
0,dry,0.0,82,35365,250,10.4,14.4,0.0,1.6,Kiel-Holtenau,2023-03-15T23:30:00+00:00
0,dry,0.0,84,38155,260,7.9,11.2,0.0,0.7,Kiel-Holtenau,2023-03-16T00:00:00+00:00
0,dry,0.0,86,38308,260,5.0,6.8,0.0,1.1,Kiel-Holtenau,2023-03-16T00:30:00+00:00
0,dry,0.0,88,35221,230,5.4,7.9,0.0,0.6,Kiel-Holtenau,2023-03-16T01:00:00+00:00
63,dry,0.0,87,36314,200,5.8,6.8,0.0,0.8,Kiel-Holtenau,2023-03-16T01:30:00+00:00
88,dry,0.0,89,33903,190,6.5,8.3,0.0,0.6,Kiel-Holtenau,2023-03-16T02:00:00+00:00
50,dry,0.0,91,33515,180,6.5,9.0,0.0,0.3,Kiel-Holtenau,2023-03-16T02:30:00+00:00
88,dry,0.0,89,35505,180,7.2,10.8,0.0,0.6,Kiel-Holtenau,2023-03-16T03:00:00+00:00
100,dry,0.0,91,35063,170,6.5,10.1,0.0,0.4,Kiel-Holtenau,2023-03-16T03:30:00+00:00
100,dry,0.0,91,28896,180,6.8,10.4,0.0,0.6,Kiel-Holtenau,2023-03-16T04:00:00+00:00
100,dry,0.0,89,28440,170,8.6,11.2,0.0,1.0,Kiel-Holtenau,2023-03-16T04:30:00+00:00
100,dry,0.0,91,24795,140,8.6,11.9,0.0,0.8,Kiel-Holtenau,2023-03-16T05:00:00+00:00
100,dry,0.0,89,32398,160,10.1,14.4,0.0,0.9,Kiel-Holtenau,2023-03-16T05:30:00+00:00
100,dry,0.0,91,26028,150,8.6,13.7,3.0,0.7,Kiel-Holtenau,2023-03-16T06:00:00+00:00
100,dry,0.0,87,28758,140,8.6,13.0,2.0,1.4,Kiel-Holtenau,2023-03-16T06:30:00+00:00
100,dry,0.0,85,30150,150,9.4,15.5,22.0,1.9,Kiel-Holtenau,2023-03-16T07:00:00+00:00
100,dry,0.0,83,29758,150,9.4,16.9,1.0,2.4,Kiel-Holtenau,2023-03-16T07:30:00+00:00
100,dry,0.0,77,49019,160,14.4,23.0,1.0,3.0,Kiel-Holtenau,2023-03-16T08:00:00+00:00
100,dry,0.0,72,39117,160,14.8,24.5,0.0,3.6,Kiel-Holtenau,2023-03-16T08:30:00+00:00
100,dry,0.0,67,45756,160,15.1,23.0,0.0,4.4,Kiel-Holtenau,2023-03-16T09:00:00+00:00
100,dry,0.0,62,56802,160,16.2,27.4,11.0,4.9,Kiel-Holtenau,2023-03-16T09:30:00+00:00
88,dry,0.0,61,57823,160,16.2,25.2,13.0,5.2,Kiel-Holtenau,2023-03-16T10:00:00+00:00
100,dry,0.0,60,57847,160,16.9,27.0,7.0,6.0,Kiel-Holtenau,2023-03-16T10:30:00+00:00
100,dry,0.0,54,72565,170,19.1,38.5,16.0,7.0,Kiel-Holtenau,2023-03-16T11:00:00+00:00
100,dry,0.0,55,71812,170,19.8,31.0,10.0,7.1,Kiel-Holtenau,2023-03-16T11:30:00+00:00
100,dry,0.0,49,55360,170,20.2,32.4,4.0,7.3,Kiel-Holtenau,2023-03-16T12:00:00+00:00
88,dry,0.0,42,75000,170,22.7,36.0,0.0,7.6,Kiel-Holtenau,2023-03-16T12:30:00+00:00
88,dry,0.0,44,75000,160,21.6,34.2,0.0,8.0,Kiel-Holtenau,2023-03-16T13:00:00+00:00
88,dry,0.0,37,75000,170,25.6,38.9,7.0,8.1,Kiel-Holtenau,2023-03-16T13:30:00+00:00
100,dry,0.0,38,75000,170,27.4,45.4,0.0,8.1,Kiel-Holtenau,2023-03-16T14:00:00+00:00
100,dry,0.0,35,75000,160,28.8,47.2,0.0,8.2,Kiel-Holtenau,2023-03-16T14:30:00+00:00
88,dry,0.0,36,75000,150,24.5,41.0,0.0,8.1,Kiel-Holtenau,2023-03-16T15:00:00+00:00
100,dry,0.0,36,75000,170,22.3,39.2,0.0,8.2,Kiel-Holtenau,2023-03-16T15:30:00+00:00
100,dry,0.0,35,75000,170,21.6,32.0,0.0,8.0,Kiel-Holtenau,2023-03-16T16:00:00+00:00
88,dry,0.0,39,75000,160,21.2,35.3,0.0,7.8,Kiel-Holtenau,2023-03-16T16:30:00+00:00
88,dry,0.0,39,75000,170,22.0,33.8,0.0,7.7,Kiel-Holtenau,2023-03-16T17:00:00+00:00
88,dry,0.0,41,75000,160,21.6,36.0,0.0,7.6,Kiel-Holtenau,2023-03-16T17:30:00+00:00
88,dry,0.0,44,75000,160,22.7,40.3,0.0,7.4,Kiel-Holtenau,2023-03-16T18:00:00+00:00
100,dry,0.0,44,70228,160,22.0,40.3,0.0,7.3,Kiel-Holtenau,2023-03-16T18:30:00+00:00
100,dry,0.0,47,70712,160,21.6,40.3,0.0,7.1,Kiel-Holtenau,2023-03-16T19:00:00+00:00
100,dry,0.0,49,75000,160,23.0,40.0,0.0,7.1,Kiel-Holtenau,2023-03-16T19:30:00+00:00
100,dry,0.0,50,74709,160,23.0,36.0,0.0,7.0,Kiel-Holtenau,2023-03-16T20:00:00+00:00
100,dry,0.0,51,66269,170,24.1,43.2,0.0,7.0,Kiel-Holtenau,2023-03-16T20:30:00+00:00
100,dry,0.0,50,69842,170,25.2,40.7,0.0,7.0,Kiel-Holtenau,2023-03-16T21:00:00+00:00
100,dry,0.0,51,75000,170,19.4,33.8,0.0,6.8,Kiel-Holtenau,2023-03-16T21:30:00+00:00
100,dry,0.0,52,75000,170,20.2,37.8,0.0,6.8,Kiel-Holtenau,2023-03-16T22:00:00+00:00
100,dry,0.0,52,75000,170,22.0,40.0,0.0,6.8,Kiel-Holtenau,2023-03-16T22:30:00+00:00
100,dry,0.0,54,75000,170,20.5,31.3,0.0,6.5,Kiel-Holtenau,2023-03-16T23:00:00+00:00
100,dry,0.0,54,75000,170,19.8,30.2,0.0,6.6,Kiel-Holtenau,2023-03-16T23:30:00+00:00
100,dry,0.0,56,75000,160,16.9,29.2,0.0,6.4,Kiel-Holtenau,2023-03-17T00:00:00+00:00
100,dry,0.0,56,68578,170,18.7,30.2,0.0,6.3,Kiel-Holtenau,2023-03-17T00:30:00+00:00
100,dry,0.0,59,75000,170,14.4,24.8,0.0,5.7,Kiel-Holtenau,2023-03-17T01:00:00+00:00
100,dry,0.0,61,75000,170,14.8,22.7,0.0,5.4,Kiel-Holtenau,2023-03-17T01:30:00+00:00
100,dry,0.0,62,66117,160,14.8,26.3,0.0,5.4,Kiel-Holtenau,2023-03-17T02:00:00+00:00
100,dry,0.0,64,75000,160,14.8,23.0,0.0,5.1,Kiel-Holtenau,2023-03-17T02:30:00+00:00
100,dry,0.0,65,58904,160,14.0,23.0,0.0,4.9,Kiel-Holtenau,2023-03-17T03:00:00+00:00
88,dry,0.0,67,74027,160,14.4,24.1,0.0,4.9,Kiel-Holtenau,2023-03-17T03:30:00+00:00
100,dry,0.0,66,69826,160,15.1,22.7,0.0,5.1,Kiel-Holtenau,2023-03-17T04:00:00+00:00
100,dry,0.0,67,75000,160,14.8,22.7,0.0,5.0,Kiel-Holtenau,2023-03-17T04:30:00+00:00
100,dry,0.0,67,62911,160,14.4,22.0,0.0,5.1,Kiel-Holtenau,2023-03-17T05:00:00+00:00
100,dry,0.0,68,75000,160,16.2,26.3,0.0,5.0,Kiel-Holtenau,2023-03-17T05:30:00+00:00
100,dry,0.0,67,60460,170,17.3,27.0,0.0,5.0,Kiel-Holtenau,2023-03-17T06:00:00+00:00
100,dry,0.0,67,51076,180,17.3,26.3,0.0,5.0,Kiel-Holtenau,2023-03-17T06:30:00+00:00
100,dry,0.0,66,73877,170,18.4,32.4,18.0,5.3,Kiel-Holtenau,2023-03-17T07:00:00+00:00
100,dry,0.0,65,58137,180,18.0,28.8,16.0,5.7,Kiel-Holtenau,2023-03-17T07:30:00+00:00
100,dry,0.0,63,69080,180,20.2,31.3,1.0,6.4,Kiel-Holtenau,2023-03-17T08:00:00+00:00
100,dry,0.0,60,55115,180,15.1,24.5,25.0,7.9,Kiel-Holtenau,2023-03-17T08:30:00+00:00
100,dry,0.0,59,62876,180,16.9,33.1,30.0,8.1,Kiel-Holtenau,2023-03-17T09:00:00+00:00
100,dry,0.0,56,56191,180,17.3,26.3,29.0,9.1,Kiel-Holtenau,2023-03-17T09:30:00+00:00
100,dry,0.0,57,75000,180,18.0,31.0,17.0,9.6,Kiel-Holtenau,2023-03-17T10:00:00+00:00
100,dry,0.0,57,59971,180,16.6,27.0,0.0,9.8,Kiel-Holtenau,2023-03-17T10:30:00+00:00
100,dry,0.0,56,69607,190,14.4,24.8,4.0,10.4,Kiel-Holtenau,2023-03-17T11:00:00+00:00
100,dry,0.0,55,56345,160,14.8,20.5,2.0,10.7,Kiel-Holtenau,2023-03-17T11:30:00+00:00
100,dry,0.0,56,58039,170,12.2,18.0,0.0,11.1,Kiel-Holtenau,2023-03-17T12:00:00+00:00
100,dry,0.0,54,53436,180,11.9,18.4,0.0,12.4,Kiel-Holtenau,2023-03-17T12:30:00+00:00
100,dry,0.0,51,75000,180,15.5,23.0,23.0,13.7,Kiel-Holtenau,2023-03-17T13:00:00+00:00
100,dry,0.0,46,59607,200,21.2,33.5,30.0,14.6,Kiel-Holtenau,2023-03-17T13:30:00+00:00
100,dry,0.0,42,54466,230,18.0,28.8,30.0,15.2,Kiel-Holtenau,2023-03-17T14:00:00+00:00
100,dry,0.0,42,63536,220,17.3,26.3,29.0,15.3,Kiel-Holtenau,2023-03-17T14:30:00+00:00
100,dry,0.0,44,67491,190,14.4,25.2,30.0,15.3,Kiel-Holtenau,2023-03-17T15:00:00+00:00
100,dry,0.0,45,61764,220,12.2,20.5,30.0,15.2,Kiel-Holtenau,2023-03-17T15:30:00+00:00
100,dry,0.0,44,65908,210,10.1,18.0,30.0,15.5,Kiel-Holtenau,2023-03-17T16:00:00+00:00
100,dry,0.0,44,66860,230,9.7,18.0,9.0,15.3,Kiel-Holtenau,2023-03-17T16:30:00+00:00
100,dry,0.0,45,74012,220,7.2,10.1,0.0,15.1,Kiel-Holtenau,2023-03-17T17:00:00+00:00
100,dry,0.0,50,63084,240,2.5,4.3,0.0,13.8,Kiel-Holtenau,2023-03-17T17:30:00+00:00
100,dry,0.0,51,44729,220,5.0,6.1,0.0,13.5,Kiel-Holtenau,2023-03-17T18:00:00+00:00
100,dry,0.0,51,67798,210,4.7,7.2,0.0,13.5,Kiel-Holtenau,2023-03-17T18:30:00+00:00
100,dry,0.0,55,39376,200,4.3,7.6,0.0,12.6,Kiel-Holtenau,2023-03-17T19:00:00+00:00
100,rain,0.0,56,43574,140,5.8,7.9,0.0,12.8,Kiel-Holtenau,2023-03-17T19:30:00+00:00
88,dry,0.0,61,44114,170,5.0,7.6,0.0,11.8,Kiel-Holtenau,2023-03-17T20:00:00+00:00
100,dry,0.0,61,50385,160,5.4,8.3,0.0,11.6,Kiel-Holtenau,2023-03-17T20:30:00+00:00
100,dry,0.0,62,47902,130,6.5,8.3,0.0,11.0,Kiel-Holtenau,2023-03-17T21:00:00+00:00
100,dry,0.0,63,55652,160,7.9,11.2,0.0,10.9,Kiel-Holtenau,2023-03-17T21:30:00+00:00
100,dry,0.0,67,47757,150,6.1,8.3,0.0,10.3,Kiel-Holtenau,2023-03-17T22:00:00+00:00
100,dry,0.0,68,58938,180,7.9,13.3,0.0,10.5,Kiel-Holtenau,2023-03-17T22:30:00+00:00
100,dry,0.0,68,53545,160,5.4,7.9,0.0,10.4,Kiel-Holtenau,2023-03-17T23:00:00+00:00
100,dry,0.0,68,55972,150,9.0,13.0,0.0,10.4,Kiel-Holtenau,2023-03-17T23:30:00+00:00
100,dry,0.0,68,56547,160,10.4,14.0,0.0,10.1,Kiel-Holtenau,2023-03-18T00:00:00+00:00
100,dry,0.0,69,50257,170,9.4,13.3,0.0,9.7,Kiel-Holtenau,2023-03-18T00:30:00+00:00
100,dry,0.0,69,63678,150,9.4,13.3,0.0,9.6,Kiel-Holtenau,2023-03-18T01:00:00+00:00
100,dry,0.0,70,65748,160,9.4,14.0,0.0,9.4,Kiel-Holtenau,2023-03-18T01:30:00+00:00
100,dry,0.0,69,58886,170,6.8,12.2,0.0,9.8,Kiel-Holtenau,2023-03-18T02:00:00+00:00
100,dry,0.0,70,60907,150,5.0,8.3,0.0,9.6,Kiel-Holtenau,2023-03-18T02:30:00+00:00
88,rain,0.0,73,30837,170,4.3,7.6,0.0,9.4,Kiel-Holtenau,2023-03-18T03:00:00+00:00
63,rain,0.0,78,48889,170,6.1,9.4,0.0,9.1,Kiel-Holtenau,2023-03-18T03:30:00+00:00
88,rain,0.0,75,43731,200,6.1,11.2,0.0,9.7,Kiel-Holtenau,2023-03-18T04:30:00+00:00
100,dry,0.0,75,52493,190,5.4,10.8,0.0,9.8,Kiel-Holtenau,2023-03-18T05:00:00+00:00
88,dry,0.0,75,47799,210,10.4,19.4,0.0,9.9,Kiel-Holtenau,2023-03-18T05:30:00+00:00
100,dry,0.0,77,53305,210,9.0,18.4,0.0,9.8,Kiel-Holtenau,2023-03-18T06:00:00+00:00
100,dry,0.0,78,47083,220,10.8,19.8,0.0,9.8,Kiel-Holtenau,2023-03-18T06:30:00+00:00
100,dry,0.0,78,47899,220,11.2,17.3,0.0,9.9,Kiel-Holtenau,2023-03-18T07:00:00+00:00
100,dry,0.0,79,41935,220,9.0,14.0,0.0,10.1,Kiel-Holtenau,2023-03-18T07:30:00+00:00
100,dry,0.0,78,41122,220,10.4,19.1,0.0,10.6,Kiel-Holtenau,2023-03-18T08:00:00+00:00
88,dry,0.0,74,33685,250,15.8,26.3,9.0,11.9,Kiel-Holtenau,2023-03-18T09:00:00+00:00
88,dry,0.0,74,33685,250,15.8,26.3,8.0,11.9,Kiel-Holtenau,2023-03-18T09:00:00+00:00
100,dry,0.0,74,35569,250,19.1,29.5,13.0,12.2,Kiel-Holtenau,2023-03-18T09:30:00+00:00
100,dry,0.0,73,28100,240,14.0,21.2,8.0,12.9,Kiel-Holtenau,2023-03-18T10:00:00+00:00
100,dry,0.0,74,20639,260,20.5,32.4,0.0,13.0,Kiel-Holtenau,2023-03-18T10:30:00+00:00
100,dry,0.0,82,12332,260,18.0,24.5,0.0,11.9,Kiel-Holtenau,2023-03-18T11:00:00+00:00
88,dry,0.0,77,14071,240,16.2,24.5,18.0,13.0,Kiel-Holtenau,2023-03-18T12:00:00+00:00
88,dry,0.0,77,14071,240,16.2,24.5,10.0,13.0,Kiel-Holtenau,2023-03-18T12:00:00+00:00
88,dry,0.0,76,10119,240,23.4,35.6,17.0,12.9,Kiel-Holtenau,2023-03-18T12:30:00+00:00
88,dry,0.0,77,14360,240,25.2,36.7,6.0,12.9,Kiel-Holtenau,2023-03-18T13:00:00+00:00
88,dry,0.0,78,14938,250,22.7,32.4,2.0,12.3,Kiel-Holtenau,2023-03-18T14:00:00+00:00
88,dry,0.0,78,14938,250,22.7,32.4,3.0,12.3,Kiel-Holtenau,2023-03-18T14:00:00+00:00
50,dry,0.0,75,15829,250,18.4,27.4,9.0,13.1,Kiel-Holtenau,2023-03-18T14:30:00+00:00
38,dry,0.0,75,14409,270,19.1,28.8,26.0,12.9,Kiel-Holtenau,2023-03-18T15:00:00+00:00
75,dry,0.0,77,11241,270,17.6,24.1,30.0,12.6,Kiel-Holtenau,2023-03-18T15:30:00+00:00
63,dry,0.0,78,10120,270,14.0,21.6,2.0,11.9,Kiel-Holtenau,2023-03-18T16:00:00+00:00
25,dry,0.0,79,10013,280,11.9,15.5,0.0,11.7,Kiel-Holtenau,2023-03-18T16:30:00+00:00
25,dry,0.0,82,9115,310,7.6,11.5,0.0,10.8,Kiel-Holtenau,2023-03-18T17:00:00+00:00
88,dry,0.0,88,7950,310,4.0,6.5,0.0,9.3,Kiel-Holtenau,2023-03-18T17:30:00+00:00
100,dry,0.0,91,5724,310,2.5,3.2,0.0,8.9,Kiel-Holtenau,2023-03-18T18:00:00+00:00
100,dry,0.0,90,6239,70,2.5,3.2,0.0,9.3,Kiel-Holtenau,2023-03-18T19:00:00+00:00
100,dry,0.0,90,6239,70,2.5,3.2,0.0,9.3,Kiel-Holtenau,2023-03-18T19:00:00+00:00
100,dry,0.0,92,4233,110,3.2,4.0,0.0,8.0,Kiel-Holtenau,2023-03-18T19:30:00+00:00
100,dry,0.0,94,3183,120,5.0,6.5,0.0,8.4,Kiel-Holtenau,2023-03-18T20:00:00+00:00
100,dry,0.0,95,3653,140,3.6,6.5,0.0,8.1,Kiel-Holtenau,2023-03-18T20:30:00+00:00
100,dry,0.0,95,3381,100,5.0,6.5,0.0,8.2,Kiel-Holtenau,2023-03-18T21:00:00+00:00
100,dry,0.0,91,3932,120,9.4,11.9,0.0,9.2,Kiel-Holtenau,2023-03-18T22:00:00+00:00
100,dry,0.0,91,4371,120,9.4,11.9,0.0,9.2,Kiel-Holtenau,2023-03-18T22:00:00+00:00
88,dry,0.0,91,4846,120,6.8,9.4,0.0,8.9,Kiel-Holtenau,2023-03-18T23:30:00+00:00
75,dry,0.0,92,4812,110,6.1,6.8,0.0,8.8,Kiel-Holtenau,2023-03-19T00:00:00+00:00
75,dry,0.0,92,4812,110,6.1,6.8,0.0,8.8,Kiel-Holtenau,2023-03-19T00:00:00+00:00
100,dry,0.0,90,7977,150,9.4,15.1,0.0,9.3,Kiel-Holtenau,2023-03-19T01:00:00+00:00
100,dry,0.0,90,7977,150,9.4,15.1,0.0,9.3,Kiel-Holtenau,2023-03-19T01:00:00+00:00
100,dry,0.0,90,7477,180,7.2,12.6,0.0,8.9,Kiel-Holtenau,2023-03-19T02:00:00+00:00
100,dry,0.0,90,7477,180,7.2,12.6,0.0,8.9,Kiel-Holtenau,2023-03-19T02:00:00+00:00
88,dry,0.0,90,8053,160,11.2,17.3,0.0,8.6,Kiel-Holtenau,2023-03-19T03:00:00+00:00
88,dry,0.0,90,8053,160,11.2,17.3,0.0,8.6,Kiel-Holtenau,2023-03-19T03:00:00+00:00
100,dry,0.0,92,6997,150,9.0,10.8,0.0,8.3,Kiel-Holtenau,2023-03-19T04:00:00+00:00
100,dry,0.0,91,8147,160,7.9,11.5,0.0,8.3,Kiel-Holtenau,2023-03-19T04:30:00+00:00
100,dry,0.0,93,6497,160,7.2,9.4,0.0,7.9,Kiel-Holtenau,2023-03-19T05:00:00+00:00
88,dry,0.0,94,5738,150,7.9,11.2,0.0,7.7,Kiel-Holtenau,2023-03-19T05:30:00+00:00
100,dry,0.0,94,7641,150,6.8,9.7,0.0,7.8,Kiel-Holtenau,2023-03-19T06:00:00+00:00
100,dry,0.0,92,7641,150,5.4,8.6,0.0,8.3,Kiel-Holtenau,2023-03-19T06:10:00+00:00
100,dry,0.0,91,12634,170,5.4,7.9,0.0,8.5,Kiel-Holtenau,2023-03-19T07:00:00+00:00
88,dry,0.0,87,18690,160,8.3,11.9,9.0,9.9,Kiel-Holtenau,2023-03-19T07:30:00+00:00
100,dry,0.0,85,24114,170,7.6,10.4,22.0,10.5,Kiel-Holtenau,2023-03-19T08:00:00+00:00
100,dry,0.0,80,36996,180,5.8,11.2,30.0,11.6,Kiel-Holtenau,2023-03-19T08:30:00+00:00
100,dry,0.0,81,45682,230,9.7,14.0,14.0,11.9,Kiel-Holtenau,2023-03-19T09:00:00+00:00
100,dry,0.0,78,45682,230,6.8,11.2,1.0,12.1,Kiel-Holtenau,2023-03-19T09:30:00+00:00
100,dry,0.0,79,39771,190,6.5,8.6,0.0,11.9,Kiel-Holtenau,2023-03-19T10:00:00+00:00
100,dry,0.0,77,39771,220,8.6,12.6,0.0,12.7,Kiel-Holtenau,2023-03-19T10:30:00+00:00
100,dry,0.0,70,50987,230,8.3,15.1,0.0,14.2,Kiel-Holtenau,2023-03-19T11:00:00+00:00
100,dry,0.0,71,50987,260,16.2,25.6,0.0,13.5,Kiel-Holtenau,2023-03-19T11:30:00+00:00
100,dry,0.0,73,52874,240,14.0,19.1,0.0,13.5,Kiel-Holtenau,2023-03-19T12:00:00+00:00
100,dry,0.0,74,66475,240,13.3,20.2,0.0,13.5,Kiel-Holtenau,2023-03-19T12:30:00+00:00
100,dry,0.0,80,46924,270,9.0,13.0,0.0,13.3,Kiel-Holtenau,2023-03-19T13:00:00+00:00
100,dry,0.0,80,46924,270,9.0,13.7,0.0,13.2,Kiel-Holtenau,2023-03-19T13:30:00+00:00
100,dry,0.0,78,51598,260,6.5,11.5,0.0,13.7,Kiel-Holtenau,2023-03-19T14:00:00+00:00
100,dry,0.0,75,49267,270,10.8,14.8,0.0,13.6,Kiel-Holtenau,2023-03-19T14:30:00+00:00
100,rain,0.0,84,17691,270,8.3,13.7,0.0,12.8,Kiel-Holtenau,2023-03-19T15:00:00+00:00
100,dry,0.0,83,28117,250,8.3,11.5,0.0,13.0,Kiel-Holtenau,2023-03-19T15:30:00+00:00
100,dry,0.0,80,27418,260,8.3,11.5,0.0,12.8,Kiel-Holtenau,2023-03-19T16:00:00+00:00
100,dry,0.0,81,24308,280,13.7,18.4,0.0,12.3,Kiel-Holtenau,2023-03-19T16:30:00+00:00
